file_name,male,gender
000051.jpg,1,Male
000052.jpg,1,Male
000065.jpg,1,Male
000166.jpg,1,Male
000198.jpg,-1,Female
000201.jpg,-1,Female
000240.jpg,-1,Female
000282.jpg,1,Male
000352.jpg,1,Male
000409.jpg,1,Male
000414.jpg,1,Male
000439.jpg,1,Male
000444.jpg,1,Male
000474.jpg,1,Male
000525.jpg,-1,Female
000545.jpg,1,Male
000559.jpg,1,Male
000572.jpg,1,Male
000608.jpg,1,Male
000653.jpg,-1,Female
000716.jpg,-1,Female
000771.jpg,1,Male
000798.jpg,1,Male
000810.jpg,-1,Female
000845.jpg,1,Male
000858.jpg,1,Male
000873.jpg,1,Male
000922.jpg,-1,Female
000989.jpg,-1,Female
001140.jpg,1,Male
001161.jpg,1,Male
001218.jpg,-1,Female
001242.jpg,1,Male
001248.jpg,-1,Female
001256.jpg,1,Male
001270.jpg,1,Male
001295.jpg,-1,Female
001401.jpg,1,Male
001509.jpg,-1,Female
001519.jpg,1,Male
001613.jpg,1,Male
001637.jpg,-1,Female
001665.jpg,-1,Female
001708.jpg,-1,Female
001782.jpg,1,Male
001800.jpg,1,Male
001894.jpg,-1,Female
001921.jpg,-1,Female
001983.jpg,1,Male
002085.jpg,-1,Female
002125.jpg,1,Male
002134.jpg,-1,Female
002150.jpg,1,Male
002197.jpg,-1,Female
002202.jpg,-1,Female
002223.jpg,1,Male
002256.jpg,-1,Female
002310.jpg,1,Male
002362.jpg,-1,Female
002389.jpg,1,Male
002415.jpg,1,Male
002427.jpg,-1,Female
002443.jpg,-1,Female
002450.jpg,-1,Female
002456.jpg,1,Male
002502.jpg,-1,Female
002525.jpg,-1,Female
002527.jpg,-1,Female
002556.jpg,-1,Female
002592.jpg,-1,Female
002598.jpg,1,Male
002653.jpg,-1,Female
002662.jpg,-1,Female
002663.jpg,-1,Female
002693.jpg,-1,Female
002698.jpg,-1,Female
002747.jpg,1,Male
002808.jpg,-1,Female
002834.jpg,-1,Female
002903.jpg,-1,Female
003026.jpg,-1,Female
003103.jpg,1,Male
003148.jpg,-1,Female
003252.jpg,1,Male
003306.jpg,-1,Female
003354.jpg,-1,Female
003363.jpg,-1,Female
003416.jpg,-1,Female
003427.jpg,-1,Female
003461.jpg,1,Male
003477.jpg,1,Male
003516.jpg,1,Male
003543.jpg,1,Male
003630.jpg,1,Male
003632.jpg,-1,Female
003652.jpg,-1,Female
003683.jpg,1,Male
003747.jpg,1,Male
003776.jpg,-1,Female
003847.jpg,-1,Female
003928.jpg,1,Male
003940.jpg,1,Male
003959.jpg,1,Male
003976.jpg,-1,Female
004007.jpg,1,Male
004026.jpg,-1,Female
004109.jpg,1,Male
004132.jpg,1,Male
004136.jpg,-1,Female
004174.jpg,-1,Female
004178.jpg,-1,Female
004205.jpg,-1,Female
004311.jpg,-1,Female
004326.jpg,1,Male
004353.jpg,1,Male
004405.jpg,-1,Female
004409.jpg,-1,Female
004422.jpg,1,Male
004449.jpg,1,Male
004460.jpg,1,Male
004540.jpg,-1,Female
004557.jpg,-1,Female
004584.jpg,-1,Female
004599.jpg,1,Male
004623.jpg,-1,Female
004663.jpg,-1,Female
004726.jpg,-1,Female
004728.jpg,1,Male
004757.jpg,-1,Female
004762.jpg,1,Male
004779.jpg,-1,Female
004886.jpg,1,Male
005020.jpg,1,Male
005089.jpg,-1,Female
005091.jpg,-1,Female
005158.jpg,1,Male
005249.jpg,1,Male
005256.jpg,-1,Female
005308.jpg,-1,Female
005334.jpg,-1,Female
005363.jpg,1,Male
005390.jpg,1,Male
005406.jpg,-1,Female
005458.jpg,-1,Female
005558.jpg,-1,Female
005594.jpg,-1,Female
005608.jpg,1,Male
005707.jpg,-1,Female
005722.jpg,-1,Female
005799.jpg,1,Male
005822.jpg,-1,Female
005851.jpg,1,Male
006020.jpg,-1,Female
006102.jpg,1,Male
006107.jpg,-1,Female
006184.jpg,-1,Female
006219.jpg,1,Male
006236.jpg,-1,Female
006254.jpg,-1,Female
006260.jpg,-1,Female
006386.jpg,1,Male
006422.jpg,-1,Female
006490.jpg,1,Male
006511.jpg,-1,Female
006596.jpg,-1,Female
006713.jpg,1,Male
006764.jpg,-1,Female
006783.jpg,1,Male
006801.jpg,-1,Female
006825.jpg,1,Male
006854.jpg,1,Male
006947.jpg,1,Male
006949.jpg,1,Male
007002.jpg,1,Male
007027.jpg,-1,Female
007032.jpg,-1,Female
007106.jpg,1,Male
007111.jpg,1,Male
007119.jpg,1,Male
007135.jpg,-1,Female
007137.jpg,-1,Female
007145.jpg,1,Male
007291.jpg,-1,Female
007335.jpg,1,Male
007357.jpg,-1,Female
007383.jpg,-1,Female
007450.jpg,1,Male
007484.jpg,-1,Female
007498.jpg,1,Male
007505.jpg,-1,Female
007538.jpg,-1,Female
007566.jpg,-1,Female
007572.jpg,1,Male
007573.jpg,1,Male
007586.jpg,-1,Female
007588.jpg,-1,Female
007609.jpg,-1,Female
007644.jpg,1,Male
007723.jpg,-1,Female
007725.jpg,-1,Female
007738.jpg,-1,Female
007754.jpg,-1,Female
007875.jpg,-1,Female
007943.jpg,-1,Female
008021.jpg,1,Male
008038.jpg,1,Male
008067.jpg,1,Male
008096.jpg,-1,Female
008126.jpg,1,Male
008151.jpg,-1,Female
008184.jpg,1,Male
008185.jpg,-1,Female
008264.jpg,1,Male
008283.jpg,-1,Female
008294.jpg,-1,Female
008304.jpg,1,Male
008343.jpg,-1,Female
008412.jpg,1,Male
008426.jpg,1,Male
008438.jpg,-1,Female
008488.jpg,1,Male
008539.jpg,-1,Female
008601.jpg,-1,Female
008639.jpg,1,Male
008708.jpg,-1,Female
008812.jpg,-1,Female
008880.jpg,1,Male
008886.jpg,1,Male
008899.jpg,-1,Female
008921.jpg,1,Male
008931.jpg,-1,Female
008968.jpg,-1,Female
009102.jpg,-1,Female
009138.jpg,-1,Female
009195.jpg,1,Male
009238.jpg,-1,Female
009253.jpg,-1,Female
009287.jpg,-1,Female
009295.jpg,1,Male
009327.jpg,1,Male
009355.jpg,-1,Female
009376.jpg,-1,Female
009391.jpg,-1,Female
009482.jpg,1,Male
009593.jpg,1,Male
009613.jpg,-1,Female
009664.jpg,-1,Female
009722.jpg,-1,Female
009740.jpg,-1,Female
009750.jpg,-1,Female
009781.jpg,-1,Female
009782.jpg,-1,Female
009883.jpg,1,Male
009920.jpg,-1,Female
009934.jpg,1,Male
009979.jpg,1,Male
009997.jpg,1,Male
010066.jpg,-1,Female
010102.jpg,1,Male
010124.jpg,-1,Female
010130.jpg,1,Male
010187.jpg,1,Male
010242.jpg,1,Male
010312.jpg,-1,Female
010345.jpg,-1,Female
010447.jpg,1,Male
010475.jpg,1,Male
010485.jpg,1,Male
010509.jpg,-1,Female
010512.jpg,-1,Female
010530.jpg,-1,Female
010539.jpg,-1,Female
010561.jpg,-1,Female
010562.jpg,1,Male
010713.jpg,-1,Female
010791.jpg,1,Male
010825.jpg,-1,Female
010852.jpg,1,Male
010925.jpg,1,Male
010941.jpg,1,Male
011027.jpg,1,Male
011088.jpg,-1,Female
011094.jpg,-1,Female
011108.jpg,-1,Female
011127.jpg,-1,Female
011252.jpg,1,Male
011262.jpg,-1,Female
011297.jpg,1,Male
011300.jpg,-1,Female
011316.jpg,1,Male
011326.jpg,-1,Female
011514.jpg,1,Male
011529.jpg,1,Male
011543.jpg,1,Male
011548.jpg,1,Male
011628.jpg,1,Male
011662.jpg,1,Male
011728.jpg,1,Male
011770.jpg,-1,Female
011816.jpg,1,Male
011916.jpg,-1,Female
011946.jpg,1,Male
011969.jpg,-1,Female
011981.jpg,-1,Female
012046.jpg,1,Male
012055.jpg,1,Male
012066.jpg,1,Male
012102.jpg,-1,Female
012295.jpg,-1,Female
012298.jpg,1,Male
012354.jpg,-1,Female
012365.jpg,1,Male
012369.jpg,-1,Female
012408.jpg,-1,Female
012542.jpg,-1,Female
012605.jpg,-1,Female
012653.jpg,-1,Female
012764.jpg,-1,Female
012830.jpg,1,Male
012878.jpg,-1,Female
012886.jpg,-1,Female
012915.jpg,-1,Female
012930.jpg,-1,Female
013022.jpg,1,Male
013037.jpg,1,Male
013041.jpg,-1,Female
013077.jpg,1,Male
013085.jpg,-1,Female
013091.jpg,1,Male
013318.jpg,-1,Female
013351.jpg,-1,Female
013392.jpg,1,Male
013419.jpg,-1,Female
013420.jpg,-1,Female
013503.jpg,1,Male
013529.jpg,1,Male
013606.jpg,1,Male
013726.jpg,-1,Female
013788.jpg,1,Male
013839.jpg,-1,Female
013953.jpg,-1,Female
014027.jpg,1,Male
014043.jpg,-1,Female
014062.jpg,-1,Female
014065.jpg,-1,Female
014092.jpg,1,Male
014098.jpg,-1,Female
014139.jpg,1,Male
014157.jpg,-1,Female
014269.jpg,-1,Female
014275.jpg,-1,Female
014279.jpg,1,Male
014306.jpg,-1,Female
014325.jpg,-1,Female
014368.jpg,-1,Female
014390.jpg,1,Male
014403.jpg,1,Male
014466.jpg,1,Male
014541.jpg,-1,Female
014543.jpg,-1,Female
014577.jpg,1,Male
014682.jpg,-1,Female
014701.jpg,-1,Female
014711.jpg,-1,Female
014731.jpg,1,Male
014827.jpg,1,Male
014846.jpg,-1,Female
014908.jpg,-1,Female
014925.jpg,-1,Female
014938.jpg,1,Male
014950.jpg,-1,Female
014969.jpg,-1,Female
015112.jpg,1,Male
015163.jpg,-1,Female
015231.jpg,-1,Female
015245.jpg,1,Male
015267.jpg,-1,Female
015455.jpg,-1,Female
015481.jpg,-1,Female
015606.jpg,1,Male
015696.jpg,-1,Female
015784.jpg,1,Male
015799.jpg,-1,Female
015874.jpg,1,Male
015882.jpg,1,Male
015907.jpg,-1,Female
015926.jpg,1,Male
015958.jpg,-1,Female
015965.jpg,1,Male
015979.jpg,1,Male
016074.jpg,1,Male
016075.jpg,1,Male
016092.jpg,-1,Female
016124.jpg,-1,Female
016160.jpg,-1,Female
016173.jpg,-1,Female
016177.jpg,-1,Female
016217.jpg,1,Male
016249.jpg,1,Male
016258.jpg,1,Male
016359.jpg,1,Male
016370.jpg,-1,Female
016372.jpg,1,Male
016406.jpg,1,Male
016410.jpg,1,Male
016504.jpg,-1,Female
016514.jpg,-1,Female
016516.jpg,-1,Female
016537.jpg,-1,Female
016605.jpg,-1,Female
016612.jpg,-1,Female
016633.jpg,-1,Female
016646.jpg,-1,Female
016759.jpg,1,Male
016823.jpg,1,Male
016848.jpg,1,Male
016875.jpg,1,Male
017018.jpg,-1,Female
017023.jpg,-1,Female
017154.jpg,1,Male
017157.jpg,1,Male
017191.jpg,1,Male
017297.jpg,1,Male
017298.jpg,1,Male
017324.jpg,1,Male
017360.jpg,-1,Female
017366.jpg,1,Male
017438.jpg,-1,Female
017468.jpg,1,Male
017502.jpg,1,Male
017512.jpg,1,Male
017559.jpg,-1,Female
017645.jpg,-1,Female
017656.jpg,-1,Female
017738.jpg,-1,Female
017810.jpg,1,Male
017966.jpg,1,Male
017975.jpg,1,Male
017995.jpg,-1,Female
018035.jpg,-1,Female
018060.jpg,-1,Female
018061.jpg,-1,Female
018102.jpg,1,Male
018103.jpg,1,Male
018224.jpg,-1,Female
018263.jpg,1,Male
018341.jpg,-1,Female
018412.jpg,1,Male
018428.jpg,-1,Female
018448.jpg,-1,Female
018505.jpg,1,Male
018536.jpg,-1,Female
018636.jpg,-1,Female
018640.jpg,-1,Female
018646.jpg,-1,Female
018648.jpg,1,Male
018658.jpg,-1,Female
018730.jpg,-1,Female
018739.jpg,1,Male
018802.jpg,1,Male
018891.jpg,1,Male
019000.jpg,1,Male
019053.jpg,-1,Female
019082.jpg,1,Male
019117.jpg,-1,Female
019157.jpg,-1,Female
019169.jpg,1,Male
019252.jpg,-1,Female
019268.jpg,1,Male
019271.jpg,1,Male
019426.jpg,1,Male
019484.jpg,-1,Female
019504.jpg,1,Male
019522.jpg,1,Male
019550.jpg,-1,Female
019560.jpg,-1,Female
019677.jpg,-1,Female
019693.jpg,-1,Female
019721.jpg,-1,Female
019743.jpg,-1,Female
019758.jpg,-1,Female
019814.jpg,1,Male
019874.jpg,-1,Female
019895.jpg,-1,Female
019959.jpg,-1,Female
019998.jpg,-1,Female
020158.jpg,-1,Female
020254.jpg,-1,Female
020394.jpg,-1,Female
020411.jpg,1,Male
020470.jpg,1,Male
020542.jpg,-1,Female
020656.jpg,1,Male
020708.jpg,-1,Female
021029.jpg,1,Male
021102.jpg,-1,Female
021161.jpg,1,Male
021162.jpg,-1,Female
021165.jpg,-1,Female
021185.jpg,1,Male
021190.jpg,-1,Female
021192.jpg,-1,Female
021228.jpg,-1,Female
021264.jpg,1,Male
021369.jpg,-1,Female
021380.jpg,-1,Female
021462.jpg,1,Male
021481.jpg,-1,Female
021487.jpg,-1,Female
021502.jpg,1,Male
021508.jpg,1,Male
021521.jpg,1,Male
021537.jpg,1,Male
021659.jpg,1,Male
021675.jpg,1,Male
021688.jpg,1,Male
021690.jpg,1,Male
021722.jpg,1,Male
021728.jpg,-1,Female
021760.jpg,-1,Female
021796.jpg,-1,Female
021798.jpg,-1,Female
021849.jpg,-1,Female
021882.jpg,-1,Female
021920.jpg,1,Male
021948.jpg,1,Male
021962.jpg,-1,Female
022019.jpg,-1,Female
022079.jpg,-1,Female
022086.jpg,1,Male
022115.jpg,-1,Female
022144.jpg,1,Male
022156.jpg,-1,Female
022243.jpg,-1,Female
022264.jpg,1,Male
022369.jpg,1,Male
022370.jpg,-1,Female
022448.jpg,-1,Female
022449.jpg,-1,Female
022466.jpg,-1,Female
022523.jpg,1,Male
022566.jpg,-1,Female
022569.jpg,-1,Female
022584.jpg,-1,Female
022589.jpg,1,Male
022600.jpg,-1,Female
022666.jpg,-1,Female
022672.jpg,-1,Female
022697.jpg,-1,Female
022706.jpg,1,Male
022764.jpg,1,Male
022775.jpg,-1,Female
022871.jpg,-1,Female
022960.jpg,1,Male
022967.jpg,1,Male
023006.jpg,-1,Female
023013.jpg,-1,Female
023035.jpg,1,Male
023075.jpg,1,Male
023080.jpg,-1,Female
023137.jpg,1,Male
023192.jpg,-1,Female
023484.jpg,-1,Female
023524.jpg,-1,Female
023648.jpg,-1,Female
023668.jpg,-1,Female
023673.jpg,1,Male
023695.jpg,-1,Female
023719.jpg,-1,Female
023728.jpg,-1,Female
023736.jpg,1,Male
023788.jpg,-1,Female
023824.jpg,-1,Female
023838.jpg,-1,Female
023957.jpg,-1,Female
023997.jpg,-1,Female
024030.jpg,-1,Female
024069.jpg,-1,Female
024091.jpg,1,Male
024094.jpg,1,Male
024111.jpg,1,Male
024125.jpg,-1,Female
024178.jpg,1,Male
024241.jpg,-1,Female
024276.jpg,1,Male
024310.jpg,-1,Female
024388.jpg,1,Male
024391.jpg,-1,Female
024408.jpg,-1,Female
024417.jpg,-1,Female
024436.jpg,1,Male
024441.jpg,1,Male
024473.jpg,1,Male
024498.jpg,-1,Female
024567.jpg,1,Male
024582.jpg,1,Male
024596.jpg,-1,Female
024628.jpg,-1,Female
024645.jpg,-1,Female
024651.jpg,-1,Female
024675.jpg,-1,Female
024703.jpg,-1,Female
024706.jpg,1,Male
024709.jpg,-1,Female
024775.jpg,-1,Female
024791.jpg,1,Male
024844.jpg,-1,Female
024846.jpg,-1,Female
024858.jpg,1,Male
024878.jpg,-1,Female
024882.jpg,-1,Female
024904.jpg,-1,Female
024916.jpg,-1,Female
024924.jpg,1,Male
024952.jpg,-1,Female
025080.jpg,-1,Female
025101.jpg,-1,Female
025126.jpg,1,Male
025136.jpg,1,Male
025139.jpg,1,Male
025233.jpg,1,Male
025321.jpg,1,Male
025333.jpg,1,Male
025342.jpg,-1,Female
025343.jpg,1,Male
025345.jpg,-1,Female
025373.jpg,-1,Female
025393.jpg,-1,Female
025413.jpg,1,Male
025504.jpg,1,Male
025588.jpg,-1,Female
025630.jpg,1,Male
025642.jpg,-1,Female
025662.jpg,-1,Female
025676.jpg,1,Male
025693.jpg,1,Male
025703.jpg,-1,Female
025727.jpg,1,Male
025731.jpg,1,Male
025775.jpg,1,Male
025808.jpg,-1,Female
025813.jpg,-1,Female
025875.jpg,1,Male
025877.jpg,1,Male
025988.jpg,1,Male
025995.jpg,-1,Female
026041.jpg,-1,Female
026066.jpg,1,Male
026154.jpg,-1,Female
026267.jpg,-1,Female
026299.jpg,1,Male
026382.jpg,1,Male
026391.jpg,-1,Female
026421.jpg,1,Male
026473.jpg,-1,Female
026492.jpg,-1,Female
026566.jpg,1,Male
026572.jpg,1,Male
026590.jpg,-1,Female
026592.jpg,-1,Female
026630.jpg,1,Male
026811.jpg,1,Male
026818.jpg,-1,Female
026851.jpg,1,Male
026898.jpg,1,Male
026930.jpg,-1,Female
026945.jpg,-1,Female
026985.jpg,-1,Female
027002.jpg,1,Male
027043.jpg,1,Male
027076.jpg,1,Male
027119.jpg,-1,Female
027132.jpg,1,Male
027139.jpg,-1,Female
027166.jpg,-1,Female
027230.jpg,1,Male
027238.jpg,-1,Female
027277.jpg,1,Male
027292.jpg,1,Male
027359.jpg,-1,Female
027415.jpg,-1,Female
027434.jpg,-1,Female
027459.jpg,-1,Female
027468.jpg,1,Male
027470.jpg,1,Male
027481.jpg,-1,Female
027672.jpg,-1,Female
027891.jpg,1,Male
027966.jpg,1,Male
027993.jpg,-1,Female
027994.jpg,-1,Female
028000.jpg,-1,Female
028014.jpg,-1,Female
028028.jpg,1,Male
028038.jpg,-1,Female
028097.jpg,-1,Female
028126.jpg,1,Male
028131.jpg,1,Male
028150.jpg,-1,Female
028251.jpg,-1,Female
028284.jpg,-1,Female
028290.jpg,1,Male
028445.jpg,-1,Female
028467.jpg,-1,Female
028494.jpg,1,Male
028520.jpg,1,Male
028612.jpg,-1,Female
028651.jpg,1,Male
028665.jpg,1,Male
028684.jpg,-1,Female
028730.jpg,1,Male
028740.jpg,1,Male
028768.jpg,1,Male
028872.jpg,-1,Female
028876.jpg,-1,Female
028889.jpg,-1,Female
028894.jpg,1,Male
028972.jpg,-1,Female
029005.jpg,-1,Female
029163.jpg,-1,Female
029211.jpg,1,Male
029328.jpg,1,Male
029337.jpg,1,Male
029399.jpg,1,Male
029409.jpg,-1,Female
029511.jpg,-1,Female
029623.jpg,1,Male
029631.jpg,-1,Female
029649.jpg,-1,Female
029670.jpg,-1,Female
029701.jpg,-1,Female
029732.jpg,1,Male
029736.jpg,1,Male
029738.jpg,-1,Female
029806.jpg,-1,Female
029814.jpg,1,Male
029860.jpg,1,Male
029926.jpg,-1,Female
029954.jpg,1,Male
029967.jpg,1,Male
030013.jpg,-1,Female
030048.jpg,1,Male
030087.jpg,-1,Female
030223.jpg,1,Male
030253.jpg,-1,Female
030263.jpg,-1,Female
030340.jpg,-1,Female
030379.jpg,-1,Female
030446.jpg,1,Male
030448.jpg,-1,Female
030463.jpg,-1,Female
030484.jpg,1,Male
030546.jpg,-1,Female
030560.jpg,-1,Female
030561.jpg,1,Male
030577.jpg,-1,Female
030584.jpg,-1,Female
030644.jpg,-1,Female
030655.jpg,-1,Female
030700.jpg,-1,Female
030742.jpg,-1,Female
030774.jpg,-1,Female
030797.jpg,-1,Female
030819.jpg,-1,Female
030830.jpg,1,Male
030922.jpg,-1,Female
030935.jpg,-1,Female
030938.jpg,-1,Female
031016.jpg,-1,Female
031020.jpg,-1,Female
031132.jpg,-1,Female
031139.jpg,1,Male
031264.jpg,-1,Female
031272.jpg,1,Male
031273.jpg,-1,Female
031292.jpg,1,Male
031335.jpg,1,Male
031417.jpg,-1,Female
031499.jpg,-1,Female
031518.jpg,-1,Female
031520.jpg,-1,Female
031605.jpg,-1,Female
031715.jpg,1,Male
031724.jpg,1,Male
031729.jpg,-1,Female
031738.jpg,1,Male
031766.jpg,-1,Female
031792.jpg,-1,Female
031808.jpg,1,Male
031842.jpg,-1,Female
032036.jpg,-1,Female
032102.jpg,-1,Female
032153.jpg,-1,Female
032164.jpg,1,Male
032179.jpg,-1,Female
032200.jpg,1,Male
032211.jpg,-1,Female
032274.jpg,-1,Female
032310.jpg,-1,Female
032352.jpg,1,Male
032356.jpg,-1,Female
032400.jpg,1,Male
032533.jpg,-1,Female
032541.jpg,-1,Female
032575.jpg,1,Male
032626.jpg,-1,Female
032748.jpg,-1,Female
032752.jpg,-1,Female
032794.jpg,-1,Female
032867.jpg,-1,Female
032881.jpg,-1,Female
032911.jpg,-1,Female
032960.jpg,-1,Female
032966.jpg,-1,Female
033080.jpg,1,Male
033196.jpg,-1,Female
033200.jpg,-1,Female
033237.jpg,-1,Female
033251.jpg,-1,Female
033348.jpg,-1,Female
033412.jpg,-1,Female
033436.jpg,-1,Female
033448.jpg,-1,Female
033501.jpg,1,Male
033580.jpg,-1,Female
033599.jpg,-1,Female
033651.jpg,-1,Female
033687.jpg,1,Male
033697.jpg,1,Male
033699.jpg,1,Male
033764.jpg,1,Male
033798.jpg,1,Male
033826.jpg,1,Male
033833.jpg,-1,Female
033857.jpg,-1,Female
034063.jpg,-1,Female
034083.jpg,1,Male
034093.jpg,1,Male
034132.jpg,-1,Female
034227.jpg,-1,Female
034244.jpg,1,Male
034254.jpg,-1,Female
034284.jpg,1,Male
034317.jpg,1,Male
034371.jpg,-1,Female
034520.jpg,-1,Female
034553.jpg,1,Male
034594.jpg,-1,Female
034676.jpg,-1,Female
034681.jpg,-1,Female
034741.jpg,1,Male
034757.jpg,1,Male
034795.jpg,-1,Female
034817.jpg,-1,Female
034850.jpg,-1,Female
034919.jpg,1,Male
034966.jpg,1,Male
034982.jpg,-1,Female
035037.jpg,1,Male
035039.jpg,-1,Female
035059.jpg,-1,Female
035062.jpg,-1,Female
035083.jpg,-1,Female
035084.jpg,1,Male
035158.jpg,-1,Female
035166.jpg,-1,Female
035174.jpg,-1,Female
035250.jpg,-1,Female
035265.jpg,-1,Female
035286.jpg,1,Male
035353.jpg,-1,Female
035377.jpg,1,Male
035380.jpg,-1,Female
035407.jpg,-1,Female
035562.jpg,-1,Female
035576.jpg,-1,Female
035593.jpg,1,Male
035690.jpg,1,Male
035801.jpg,-1,Female
035810.jpg,-1,Female
035840.jpg,1,Male
035964.jpg,-1,Female
036090.jpg,1,Male
036141.jpg,-1,Female
036247.jpg,-1,Female
036300.jpg,-1,Female
036341.jpg,1,Male
036412.jpg,-1,Female
036415.jpg,-1,Female
036521.jpg,1,Male
036558.jpg,-1,Female
036589.jpg,-1,Female
036669.jpg,-1,Female
036679.jpg,1,Male
036714.jpg,-1,Female
036770.jpg,1,Male
036793.jpg,1,Male
036799.jpg,1,Male
036824.jpg,-1,Female
036840.jpg,1,Male
036842.jpg,-1,Female
036907.jpg,1,Male
036943.jpg,1,Male
037043.jpg,-1,Female
037061.jpg,1,Male
037121.jpg,-1,Female
037132.jpg,-1,Female
037143.jpg,-1,Female
037168.jpg,-1,Female
037188.jpg,-1,Female
037224.jpg,1,Male
037274.jpg,-1,Female
037295.jpg,-1,Female
037361.jpg,-1,Female
037368.jpg,1,Male
037369.jpg,1,Male
037371.jpg,-1,Female
037398.jpg,1,Male
037429.jpg,1,Male
037461.jpg,1,Male
037469.jpg,1,Male
037476.jpg,-1,Female
037637.jpg,1,Male
037638.jpg,1,Male
037644.jpg,1,Male
037682.jpg,-1,Female
037686.jpg,-1,Female
037733.jpg,-1,Female
037763.jpg,-1,Female
037766.jpg,1,Male
037804.jpg,-1,Female
037857.jpg,1,Male
037874.jpg,1,Male
037938.jpg,1,Male
037942.jpg,-1,Female
037956.jpg,1,Male
037961.jpg,1,Male
037993.jpg,1,Male
038009.jpg,-1,Female
038030.jpg,1,Male
038072.jpg,-1,Female
038086.jpg,-1,Female
038111.jpg,1,Male
038150.jpg,-1,Female
038200.jpg,1,Male
038208.jpg,-1,Female
038228.jpg,-1,Female
038229.jpg,-1,Female
038299.jpg,1,Male
038311.jpg,-1,Female
038355.jpg,-1,Female
038415.jpg,-1,Female
038428.jpg,1,Male
038438.jpg,1,Male
038447.jpg,-1,Female
038459.jpg,-1,Female
038462.jpg,-1,Female
038477.jpg,-1,Female
038577.jpg,-1,Female
038606.jpg,-1,Female
038631.jpg,-1,Female
038681.jpg,-1,Female
038684.jpg,-1,Female
038747.jpg,-1,Female
038765.jpg,1,Male
038770.jpg,1,Male
038775.jpg,-1,Female
038818.jpg,1,Male
038856.jpg,-1,Female
038871.jpg,1,Male
038892.jpg,1,Male
038917.jpg,-1,Female
038974.jpg,1,Male
038998.jpg,-1,Female
039055.jpg,1,Male
039075.jpg,-1,Female
039140.jpg,-1,Female
039213.jpg,-1,Female
039238.jpg,1,Male
039267.jpg,1,Male
039374.jpg,1,Male
039391.jpg,1,Male
039418.jpg,-1,Female
039511.jpg,-1,Female
039520.jpg,-1,Female
039537.jpg,-1,Female
039552.jpg,-1,Female
039594.jpg,-1,Female
039600.jpg,-1,Female
039656.jpg,1,Male
039657.jpg,-1,Female
039753.jpg,-1,Female
039762.jpg,1,Male
039801.jpg,-1,Female
039836.jpg,-1,Female
039870.jpg,1,Male
039876.jpg,1,Male
039895.jpg,-1,Female
039905.jpg,-1,Female
039923.jpg,-1,Female
039970.jpg,1,Male
039991.jpg,-1,Female
040054.jpg,1,Male
040117.jpg,1,Male
040124.jpg,1,Male
040126.jpg,-1,Female
040272.jpg,-1,Female
040276.jpg,-1,Female
040313.jpg,-1,Female
040334.jpg,1,Male
040335.jpg,-1,Female
040393.jpg,1,Male
040447.jpg,-1,Female
040454.jpg,1,Male
040480.jpg,-1,Female
040504.jpg,1,Male
040585.jpg,-1,Female
040599.jpg,-1,Female
040618.jpg,-1,Female
040729.jpg,-1,Female
040755.jpg,1,Male
040859.jpg,-1,Female
040920.jpg,1,Male
040937.jpg,1,Male
040956.jpg,-1,Female
040978.jpg,-1,Female
041032.jpg,1,Male
041050.jpg,1,Male
041200.jpg,-1,Female
041252.jpg,-1,Female
041283.jpg,1,Male
041403.jpg,1,Male
041412.jpg,1,Male
041437.jpg,1,Male
041530.jpg,-1,Female
041537.jpg,1,Male
041576.jpg,-1,Female
041622.jpg,1,Male
041626.jpg,-1,Female
041676.jpg,-1,Female
041717.jpg,1,Male
041731.jpg,-1,Female
041858.jpg,-1,Female
041980.jpg,-1,Female
042013.jpg,1,Male
042028.jpg,1,Male
042038.jpg,-1,Female
042134.jpg,-1,Female
042238.jpg,1,Male
042273.jpg,-1,Female
042304.jpg,-1,Female
042309.jpg,-1,Female
042330.jpg,-1,Female
042371.jpg,1,Male
042392.jpg,-1,Female
042410.jpg,1,Male
042425.jpg,-1,Female
042439.jpg,1,Male
042489.jpg,-1,Female
042579.jpg,1,Male
042627.jpg,-1,Female
042681.jpg,1,Male
042700.jpg,-1,Female
042728.jpg,-1,Female
042853.jpg,-1,Female
042861.jpg,1,Male
042873.jpg,1,Male
042877.jpg,1,Male
042911.jpg,-1,Female
042927.jpg,-1,Female
043013.jpg,-1,Female
043125.jpg,-1,Female
043185.jpg,-1,Female
043201.jpg,-1,Female
043228.jpg,-1,Female
043233.jpg,-1,Female
043299.jpg,1,Male
043308.jpg,-1,Female
043352.jpg,-1,Female
043398.jpg,-1,Female
043504.jpg,-1,Female
043564.jpg,-1,Female
043565.jpg,-1,Female
043592.jpg,-1,Female
043613.jpg,1,Male
043616.jpg,-1,Female
043643.jpg,1,Male
043647.jpg,-1,Female
043861.jpg,1,Male
043946.jpg,-1,Female
044070.jpg,-1,Female
044134.jpg,1,Male
044254.jpg,1,Male
044256.jpg,-1,Female
044271.jpg,-1,Female
044273.jpg,-1,Female
044276.jpg,1,Male
044380.jpg,1,Male
044587.jpg,-1,Female
044592.jpg,-1,Female
044629.jpg,-1,Female
044672.jpg,-1,Female
044721.jpg,1,Male
044760.jpg,-1,Female
044800.jpg,1,Male
044839.jpg,-1,Female
044870.jpg,1,Male
044892.jpg,-1,Female
044908.jpg,-1,Female
044920.jpg,1,Male
044930.jpg,-1,Female
044940.jpg,-1,Female
044998.jpg,-1,Female
045011.jpg,1,Male
045018.jpg,-1,Female
045130.jpg,-1,Female
045137.jpg,1,Male
045225.jpg,-1,Female
045288.jpg,-1,Female
045329.jpg,-1,Female
045337.jpg,-1,Female
045371.jpg,-1,Female
045538.jpg,1,Male
045545.jpg,-1,Female
045553.jpg,-1,Female
045572.jpg,-1,Female
045585.jpg,1,Male
045698.jpg,-1,Female
045745.jpg,1,Male
045785.jpg,-1,Female
045793.jpg,1,Male
045809.jpg,-1,Female
045840.jpg,-1,Female
045864.jpg,1,Male
045873.jpg,1,Male
045903.jpg,1,Male
045930.jpg,-1,Female
045944.jpg,-1,Female
045958.jpg,1,Male
045994.jpg,-1,Female
046040.jpg,-1,Female
046123.jpg,-1,Female
046127.jpg,1,Male
046162.jpg,1,Male
046271.jpg,-1,Female
046276.jpg,1,Male
046299.jpg,-1,Female
046326.jpg,1,Male
046344.jpg,1,Male
046347.jpg,1,Male
046376.jpg,-1,Female
046420.jpg,-1,Female
046479.jpg,1,Male
046483.jpg,1,Male
046491.jpg,-1,Female
046556.jpg,1,Male
046568.jpg,1,Male
046677.jpg,-1,Female
046706.jpg,-1,Female
046748.jpg,-1,Female
046763.jpg,-1,Female
046782.jpg,1,Male
046788.jpg,1,Male
046845.jpg,1,Male
046924.jpg,-1,Female
046979.jpg,1,Male
047021.jpg,-1,Female
047100.jpg,-1,Female
047121.jpg,-1,Female
047173.jpg,-1,Female
047315.jpg,-1,Female
047346.jpg,-1,Female
047406.jpg,-1,Female
047418.jpg,-1,Female
047458.jpg,-1,Female
047545.jpg,1,Male
047575.jpg,1,Male
047579.jpg,1,Male
047597.jpg,1,Male
047625.jpg,-1,Female
047699.jpg,-1,Female
047700.jpg,-1,Female
047719.jpg,-1,Female
047758.jpg,-1,Female
047763.jpg,1,Male
047786.jpg,1,Male
047845.jpg,1,Male
047854.jpg,1,Male
047875.jpg,-1,Female
047929.jpg,1,Male
047947.jpg,-1,Female
047948.jpg,-1,Female
047956.jpg,1,Male
047964.jpg,1,Male
047977.jpg,-1,Female
047987.jpg,-1,Female
047989.jpg,1,Male
048113.jpg,-1,Female
048132.jpg,-1,Female
048139.jpg,1,Male
048167.jpg,1,Male
048272.jpg,-1,Female
048275.jpg,-1,Female
048309.jpg,-1,Female
048331.jpg,-1,Female
048411.jpg,-1,Female
048452.jpg,-1,Female
048527.jpg,-1,Female
048567.jpg,-1,Female
048669.jpg,-1,Female
048705.jpg,-1,Female
048867.jpg,1,Male
048869.jpg,-1,Female
048883.jpg,-1,Female
048942.jpg,-1,Female
049030.jpg,-1,Female
049073.jpg,-1,Female
049137.jpg,1,Male
049156.jpg,1,Male
049173.jpg,1,Male
049204.jpg,-1,Female
049231.jpg,1,Male
049294.jpg,1,Male
049312.jpg,-1,Female
049321.jpg,-1,Female
049353.jpg,-1,Female
049355.jpg,-1,Female
049379.jpg,-1,Female
049428.jpg,-1,Female
049516.jpg,1,Male
049525.jpg,-1,Female
049645.jpg,-1,Female
049646.jpg,1,Male
049681.jpg,-1,Female
049873.jpg,1,Male
049886.jpg,-1,Female
049952.jpg,1,Male
049971.jpg,-1,Female
049986.jpg,-1,Female
050012.jpg,1,Male
050030.jpg,-1,Female
050037.jpg,-1,Female
050076.jpg,1,Male
050157.jpg,1,Male
050177.jpg,-1,Female
050182.jpg,1,Male
050291.jpg,-1,Female
050316.jpg,1,Male
050322.jpg,-1,Female
050357.jpg,1,Male
050362.jpg,1,Male
050386.jpg,-1,Female
050473.jpg,1,Male
050526.jpg,1,Male
050553.jpg,1,Male
050628.jpg,1,Male
050751.jpg,-1,Female
050755.jpg,-1,Female
050791.jpg,1,Male
050821.jpg,-1,Female
050909.jpg,-1,Female
051005.jpg,1,Male
051027.jpg,1,Male
051029.jpg,-1,Female
051072.jpg,1,Male
051201.jpg,1,Male
051208.jpg,1,Male
051223.jpg,-1,Female
051323.jpg,1,Male
051361.jpg,-1,Female
051384.jpg,-1,Female
051399.jpg,1,Male
051543.jpg,-1,Female
051682.jpg,-1,Female
051742.jpg,1,Male
051761.jpg,-1,Female
051939.jpg,1,Male
051944.jpg,-1,Female
051961.jpg,-1,Female
052116.jpg,1,Male
052153.jpg,-1,Female
052226.jpg,-1,Female
052328.jpg,1,Male
052405.jpg,-1,Female
052411.jpg,-1,Female
052438.jpg,1,Male
052528.jpg,1,Male
052536.jpg,-1,Female
052604.jpg,-1,Female
052656.jpg,-1,Female
052681.jpg,-1,Female
052692.jpg,1,Male
052719.jpg,1,Male
052720.jpg,1,Male
052752.jpg,1,Male
052792.jpg,1,Male
052853.jpg,-1,Female
052977.jpg,-1,Female
052992.jpg,-1,Female
053074.jpg,1,Male
053216.jpg,1,Male
053250.jpg,-1,Female
053268.jpg,-1,Female
053297.jpg,1,Male
053299.jpg,-1,Female
053309.jpg,1,Male
053317.jpg,-1,Female
053461.jpg,1,Male
053538.jpg,-1,Female
053567.jpg,-1,Female
053583.jpg,-1,Female
053666.jpg,-1,Female
053736.jpg,-1,Female
053801.jpg,1,Male
053923.jpg,-1,Female
053957.jpg,1,Male
054085.jpg,-1,Female
054180.jpg,-1,Female
054197.jpg,-1,Female
054207.jpg,-1,Female
054217.jpg,-1,Female
054274.jpg,-1,Female
054282.jpg,1,Male
054324.jpg,-1,Female
054447.jpg,-1,Female
054462.jpg,-1,Female
054467.jpg,1,Male
054469.jpg,1,Male
054503.jpg,-1,Female
054564.jpg,1,Male
054568.jpg,-1,Female
054578.jpg,-1,Female
054627.jpg,1,Male
054644.jpg,-1,Female
054665.jpg,-1,Female
054677.jpg,1,Male
054747.jpg,1,Male
054878.jpg,1,Male
054880.jpg,-1,Female
054890.jpg,-1,Female
054920.jpg,-1,Female
054973.jpg,-1,Female
054985.jpg,-1,Female
055002.jpg,1,Male
055053.jpg,-1,Female
055066.jpg,-1,Female
055107.jpg,1,Male
055124.jpg,-1,Female
055130.jpg,1,Male
055142.jpg,1,Male
055153.jpg,-1,Female
055159.jpg,1,Male
055187.jpg,-1,Female
055203.jpg,-1,Female
055225.jpg,-1,Female
055285.jpg,-1,Female
055348.jpg,-1,Female
055637.jpg,-1,Female
055652.jpg,-1,Female
055804.jpg,-1,Female
055877.jpg,-1,Female
055966.jpg,1,Male
055990.jpg,1,Male
055995.jpg,1,Male
055999.jpg,-1,Female
056102.jpg,-1,Female
056155.jpg,1,Male
056163.jpg,-1,Female
056210.jpg,1,Male
056220.jpg,-1,Female
056223.jpg,1,Male
056243.jpg,-1,Female
056303.jpg,1,Male
056385.jpg,-1,Female
056429.jpg,-1,Female
056523.jpg,1,Male
056540.jpg,-1,Female
056607.jpg,-1,Female
056646.jpg,-1,Female
056682.jpg,-1,Female
056710.jpg,-1,Female
056851.jpg,-1,Female
056890.jpg,1,Male
056933.jpg,-1,Female
057068.jpg,-1,Female
057142.jpg,-1,Female
057187.jpg,1,Male
057203.jpg,-1,Female
057340.jpg,1,Male
057341.jpg,1,Male
057354.jpg,-1,Female
057381.jpg,-1,Female
057422.jpg,-1,Female
057425.jpg,1,Male
057431.jpg,-1,Female
057465.jpg,1,Male
057476.jpg,-1,Female
057589.jpg,-1,Female
057654.jpg,-1,Female
057704.jpg,-1,Female
057742.jpg,-1,Female
057750.jpg,1,Male
057759.jpg,1,Male
057801.jpg,-1,Female
057833.jpg,1,Male
057844.jpg,-1,Female
057851.jpg,1,Male
057853.jpg,-1,Female
057871.jpg,1,Male
057892.jpg,-1,Female
057903.jpg,-1,Female
057945.jpg,1,Male
057979.jpg,-1,Female
058102.jpg,1,Male
058120.jpg,-1,Female
058121.jpg,1,Male
058125.jpg,-1,Female
058252.jpg,-1,Female
058261.jpg,1,Male
058270.jpg,-1,Female
058288.jpg,-1,Female
058333.jpg,1,Male
058421.jpg,1,Male
058490.jpg,1,Male
058521.jpg,-1,Female
058533.jpg,-1,Female
058545.jpg,-1,Female
058561.jpg,1,Male
058577.jpg,-1,Female
058585.jpg,-1,Female
058588.jpg,-1,Female
058670.jpg,-1,Female
058720.jpg,1,Male
058758.jpg,1,Male
058760.jpg,-1,Female
058854.jpg,1,Male
058924.jpg,1,Male
058934.jpg,1,Male
058986.jpg,1,Male
059005.jpg,-1,Female
059060.jpg,-1,Female
059064.jpg,1,Male
059089.jpg,1,Male
059107.jpg,1,Male
059148.jpg,1,Male
059193.jpg,1,Male
059215.jpg,-1,Female
059241.jpg,-1,Female
059280.jpg,-1,Female
059282.jpg,-1,Female
059284.jpg,1,Male
059328.jpg,-1,Female
059406.jpg,-1,Female
059454.jpg,-1,Female
059470.jpg,1,Male
059472.jpg,-1,Female
059483.jpg,-1,Female
059518.jpg,-1,Female
059576.jpg,-1,Female
059610.jpg,-1,Female
059629.jpg,1,Male
059668.jpg,-1,Female
059695.jpg,-1,Female
059708.jpg,1,Male
059775.jpg,1,Male
059778.jpg,1,Male
059799.jpg,-1,Female
059800.jpg,1,Male
059838.jpg,1,Male
059897.jpg,-1,Female
059911.jpg,1,Male
059919.jpg,-1,Female
059939.jpg,1,Male
060082.jpg,-1,Female
060110.jpg,-1,Female
060115.jpg,-1,Female
060181.jpg,1,Male
060315.jpg,-1,Female
060434.jpg,-1,Female
060519.jpg,-1,Female
060532.jpg,1,Male
060543.jpg,1,Male
060560.jpg,1,Male
060565.jpg,1,Male
060587.jpg,-1,Female
060602.jpg,-1,Female
060612.jpg,1,Male
060613.jpg,-1,Female
060621.jpg,-1,Female
060623.jpg,1,Male
060648.jpg,-1,Female
060704.jpg,1,Male
060756.jpg,1,Male
060774.jpg,-1,Female
060775.jpg,-1,Female
060808.jpg,1,Male
060851.jpg,-1,Female
060888.jpg,-1,Female
060912.jpg,-1,Female
060942.jpg,-1,Female
060954.jpg,-1,Female
060965.jpg,1,Male
060982.jpg,-1,Female
061021.jpg,1,Male
061153.jpg,-1,Female
061162.jpg,-1,Female
061233.jpg,-1,Female
061307.jpg,1,Male
061331.jpg,-1,Female
061343.jpg,1,Male
061365.jpg,-1,Female
061419.jpg,1,Male
061465.jpg,1,Male
061474.jpg,1,Male
061502.jpg,1,Male
061520.jpg,-1,Female
061544.jpg,1,Male
061547.jpg,-1,Female
061556.jpg,1,Male
061568.jpg,1,Male
061606.jpg,-1,Female
061642.jpg,1,Male
061667.jpg,-1,Female
061687.jpg,-1,Female
061689.jpg,-1,Female
061712.jpg,1,Male
061748.jpg,-1,Female
061958.jpg,1,Male
062003.jpg,1,Male
062011.jpg,-1,Female
062024.jpg,1,Male
062085.jpg,-1,Female
062128.jpg,1,Male
062130.jpg,-1,Female
062158.jpg,-1,Female
062175.jpg,1,Male
062184.jpg,1,Male
062309.jpg,1,Male
062421.jpg,1,Male
062476.jpg,-1,Female
062477.jpg,-1,Female
062523.jpg,-1,Female
062525.jpg,-1,Female
062527.jpg,-1,Female
062557.jpg,-1,Female
062643.jpg,-1,Female
062715.jpg,1,Male
062723.jpg,1,Male
062729.jpg,1,Male
062745.jpg,-1,Female
062779.jpg,-1,Female
062795.jpg,1,Male
062807.jpg,-1,Female
062836.jpg,-1,Female
062870.jpg,-1,Female
062909.jpg,-1,Female
062914.jpg,1,Male
062950.jpg,-1,Female
062954.jpg,1,Male
062972.jpg,-1,Female
063070.jpg,1,Male
063081.jpg,-1,Female
063115.jpg,-1,Female
063132.jpg,-1,Female
063222.jpg,1,Male
063278.jpg,1,Male
063288.jpg,1,Male
063307.jpg,-1,Female
063328.jpg,-1,Female
063367.jpg,-1,Female
063403.jpg,1,Male
063434.jpg,-1,Female
063449.jpg,-1,Female
063479.jpg,1,Male
063522.jpg,-1,Female
063523.jpg,-1,Female
063552.jpg,1,Male
063585.jpg,-1,Female
063600.jpg,-1,Female
063644.jpg,-1,Female
063655.jpg,1,Male
063663.jpg,-1,Female
063669.jpg,-1,Female
063679.jpg,1,Male
063683.jpg,1,Male
063685.jpg,-1,Female
063709.jpg,-1,Female
063747.jpg,1,Male
063752.jpg,1,Male
063816.jpg,1,Male
063917.jpg,-1,Female
063926.jpg,-1,Female
063956.jpg,1,Male
064011.jpg,1,Male
064041.jpg,-1,Female
064078.jpg,1,Male
064101.jpg,1,Male
064183.jpg,1,Male
064229.jpg,-1,Female
064245.jpg,-1,Female
064250.jpg,1,Male
064271.jpg,1,Male
064362.jpg,1,Male
064371.jpg,-1,Female
064489.jpg,-1,Female
064537.jpg,-1,Female
064550.jpg,-1,Female
064586.jpg,-1,Female
064613.jpg,1,Male
064697.jpg,-1,Female
064932.jpg,-1,Female
064946.jpg,1,Male
064949.jpg,-1,Female
064966.jpg,1,Male
064989.jpg,-1,Female
064995.jpg,-1,Female
065111.jpg,-1,Female
065135.jpg,-1,Female
065140.jpg,1,Male
065243.jpg,1,Male
065379.jpg,1,Male
065387.jpg,1,Male
065421.jpg,1,Male
065432.jpg,-1,Female
065489.jpg,-1,Female
065674.jpg,1,Male
065689.jpg,-1,Female
065728.jpg,-1,Female
065738.jpg,1,Male
065743.jpg,1,Male
065754.jpg,-1,Female
065823.jpg,1,Male
065878.jpg,1,Male
065934.jpg,-1,Female
065947.jpg,1,Male
065955.jpg,1,Male
066016.jpg,1,Male
066057.jpg,-1,Female
066059.jpg,-1,Female
066118.jpg,-1,Female
066130.jpg,-1,Female
066174.jpg,1,Male
066228.jpg,1,Male
066290.jpg,1,Male
066337.jpg,-1,Female
066344.jpg,1,Male
066389.jpg,-1,Female
066404.jpg,-1,Female
066409.jpg,1,Male
066455.jpg,-1,Female
066469.jpg,-1,Female
066514.jpg,-1,Female
066528.jpg,-1,Female
066575.jpg,-1,Female
066781.jpg,-1,Female
066796.jpg,1,Male
066872.jpg,-1,Female
066913.jpg,1,Male
067010.jpg,-1,Female
067072.jpg,1,Male
067123.jpg,-1,Female
067157.jpg,1,Male
067158.jpg,1,Male
067227.jpg,1,Male
067272.jpg,-1,Female
067276.jpg,-1,Female
067292.jpg,-1,Female
067296.jpg,1,Male
067308.jpg,-1,Female
067344.jpg,-1,Female
067356.jpg,-1,Female
067378.jpg,-1,Female
067425.jpg,-1,Female
067429.jpg,1,Male
067452.jpg,1,Male
067457.jpg,-1,Female
067477.jpg,-1,Female
067593.jpg,1,Male
067601.jpg,-1,Female
067625.jpg,-1,Female
067626.jpg,-1,Female
067656.jpg,1,Male
067695.jpg,1,Male
067830.jpg,1,Male
067835.jpg,-1,Female
067844.jpg,-1,Female
067885.jpg,-1,Female
067932.jpg,-1,Female
067983.jpg,-1,Female
068032.jpg,1,Male
068067.jpg,-1,Female
068073.jpg,1,Male
068084.jpg,1,Male
068228.jpg,1,Male
068266.jpg,-1,Female
068280.jpg,-1,Female
068292.jpg,1,Male
068345.jpg,-1,Female
068396.jpg,-1,Female
068421.jpg,-1,Female
068500.jpg,-1,Female
068523.jpg,1,Male
068583.jpg,1,Male
068770.jpg,-1,Female
068830.jpg,-1,Female
068856.jpg,1,Male
068867.jpg,-1,Female
068871.jpg,-1,Female
068929.jpg,-1,Female
068990.jpg,-1,Female
069051.jpg,-1,Female
069071.jpg,-1,Female
069102.jpg,-1,Female
069109.jpg,-1,Female
069140.jpg,-1,Female
069216.jpg,-1,Female
069223.jpg,1,Male
069247.jpg,1,Male
069328.jpg,-1,Female
069374.jpg,1,Male
069393.jpg,-1,Female
069424.jpg,-1,Female
069428.jpg,1,Male
069430.jpg,-1,Female
069447.jpg,1,Male
069461.jpg,1,Male
069524.jpg,-1,Female
069579.jpg,-1,Female
069601.jpg,-1,Female
069614.jpg,1,Male
069683.jpg,1,Male
069709.jpg,-1,Female
069732.jpg,1,Male
069799.jpg,1,Male
069813.jpg,-1,Female
069922.jpg,1,Male
069983.jpg,1,Male
070015.jpg,1,Male
070021.jpg,-1,Female
070025.jpg,1,Male
070046.jpg,-1,Female
070089.jpg,-1,Female
070129.jpg,-1,Female
070163.jpg,-1,Female
070203.jpg,-1,Female
070211.jpg,1,Male
070212.jpg,1,Male
070227.jpg,-1,Female
070287.jpg,-1,Female
070310.jpg,1,Male
070316.jpg,-1,Female
070350.jpg,1,Male
070409.jpg,1,Male
070420.jpg,1,Male
070428.jpg,1,Male
070430.jpg,-1,Female
070488.jpg,-1,Female
070652.jpg,1,Male
070695.jpg,-1,Female
070811.jpg,1,Male
070826.jpg,-1,Female
070857.jpg,-1,Female
070893.jpg,-1,Female
070920.jpg,1,Male
071093.jpg,-1,Female
071123.jpg,1,Male
071136.jpg,-1,Female
071231.jpg,-1,Female
071305.jpg,1,Male
071311.jpg,-1,Female
071335.jpg,1,Male
071385.jpg,1,Male
071477.jpg,-1,Female
071482.jpg,1,Male
071517.jpg,-1,Female
071527.jpg,1,Male
071551.jpg,-1,Female
071569.jpg,-1,Female
071575.jpg,-1,Female
071576.jpg,-1,Female
071612.jpg,1,Male
071615.jpg,1,Male
071648.jpg,-1,Female
071654.jpg,-1,Female
071671.jpg,-1,Female
071786.jpg,-1,Female
071847.jpg,1,Male
071861.jpg,-1,Female
071879.jpg,1,Male
071905.jpg,-1,Female
072032.jpg,1,Male
072090.jpg,1,Male
072095.jpg,-1,Female
072138.jpg,1,Male
072139.jpg,1,Male
072186.jpg,-1,Female
072289.jpg,-1,Female
072303.jpg,-1,Female
072341.jpg,1,Male
072347.jpg,-1,Female
072368.jpg,-1,Female
072388.jpg,-1,Female
072424.jpg,-1,Female
072437.jpg,1,Male
072443.jpg,1,Male
072464.jpg,-1,Female
072529.jpg,-1,Female
072590.jpg,-1,Female
072607.jpg,1,Male
072620.jpg,-1,Female
072641.jpg,-1,Female
072653.jpg,1,Male
072659.jpg,1,Male
072687.jpg,-1,Female
072719.jpg,-1,Female
072731.jpg,-1,Female
072743.jpg,-1,Female
072768.jpg,-1,Female
072813.jpg,1,Male
072921.jpg,1,Male
072922.jpg,-1,Female
072976.jpg,-1,Female
073023.jpg,1,Male
073063.jpg,-1,Female
073082.jpg,1,Male
073111.jpg,-1,Female
073214.jpg,-1,Female
073237.jpg,-1,Female
073255.jpg,1,Male
073418.jpg,-1,Female
073457.jpg,-1,Female
073508.jpg,-1,Female
073620.jpg,1,Male
073622.jpg,-1,Female
073655.jpg,-1,Female
073685.jpg,1,Male
073719.jpg,1,Male
073724.jpg,1,Male
073746.jpg,1,Male
073796.jpg,-1,Female
073827.jpg,-1,Female
073831.jpg,-1,Female
073913.jpg,1,Male
073927.jpg,1,Male
073967.jpg,1,Male
073981.jpg,1,Male
074065.jpg,1,Male
074067.jpg,-1,Female
074149.jpg,1,Male
074173.jpg,1,Male
074199.jpg,-1,Female
074246.jpg,-1,Female
074274.jpg,-1,Female
074285.jpg,-1,Female
074373.jpg,1,Male
074374.jpg,-1,Female
074459.jpg,-1,Female
074485.jpg,1,Male
074489.jpg,1,Male
074495.jpg,1,Male
074516.jpg,-1,Female
074539.jpg,-1,Female
074663.jpg,1,Male
074668.jpg,-1,Female
074676.jpg,1,Male
074705.jpg,-1,Female
074822.jpg,1,Male
074832.jpg,1,Male
074836.jpg,-1,Female
074839.jpg,1,Male
074841.jpg,-1,Female
074915.jpg,-1,Female
074984.jpg,-1,Female
074999.jpg,-1,Female
075004.jpg,-1,Female
075012.jpg,1,Male
075102.jpg,-1,Female
075144.jpg,-1,Female
075148.jpg,1,Male
075182.jpg,-1,Female
075203.jpg,1,Male
075204.jpg,1,Male
075227.jpg,-1,Female
075229.jpg,-1,Female
075258.jpg,-1,Female
075291.jpg,1,Male
075344.jpg,1,Male
075366.jpg,1,Male
075390.jpg,-1,Female
075414.jpg,-1,Female
075425.jpg,-1,Female
075453.jpg,-1,Female
075467.jpg,-1,Female
075504.jpg,-1,Female
075514.jpg,1,Male
075565.jpg,-1,Female
075672.jpg,-1,Female
075834.jpg,-1,Female
075859.jpg,-1,Female
075976.jpg,1,Male
076028.jpg,-1,Female
076116.jpg,-1,Female
076160.jpg,1,Male
076178.jpg,-1,Female
076187.jpg,-1,Female
076258.jpg,-1,Female
076260.jpg,1,Male
076332.jpg,1,Male
076385.jpg,1,Male
076530.jpg,-1,Female
076604.jpg,-1,Female
076626.jpg,1,Male
076634.jpg,-1,Female
076671.jpg,1,Male
076733.jpg,-1,Female
076755.jpg,1,Male
076778.jpg,1,Male
076789.jpg,-1,Female
076793.jpg,1,Male
076808.jpg,-1,Female
076809.jpg,1,Male
076827.jpg,-1,Female
077057.jpg,-1,Female
077111.jpg,1,Male
077136.jpg,-1,Female
077139.jpg,-1,Female
077160.jpg,1,Male
077181.jpg,-1,Female
077190.jpg,1,Male
077255.jpg,1,Male
077265.jpg,-1,Female
077272.jpg,1,Male
077322.jpg,1,Male
077331.jpg,1,Male
077380.jpg,1,Male
077401.jpg,-1,Female
077485.jpg,-1,Female
077499.jpg,1,Male
077526.jpg,-1,Female
077570.jpg,-1,Female
077600.jpg,1,Male
077610.jpg,1,Male
077672.jpg,1,Male
077712.jpg,-1,Female
077738.jpg,1,Male
077745.jpg,-1,Female
077748.jpg,1,Male
077817.jpg,-1,Female
077818.jpg,1,Male
077823.jpg,-1,Female
077847.jpg,-1,Female
077877.jpg,1,Male
077973.jpg,-1,Female
078004.jpg,1,Male
078028.jpg,-1,Female
078086.jpg,1,Male
078164.jpg,-1,Female
078308.jpg,-1,Female
078337.jpg,-1,Female
078375.jpg,-1,Female
078471.jpg,1,Male
078518.jpg,-1,Female
078519.jpg,1,Male
078589.jpg,-1,Female
078623.jpg,-1,Female
078634.jpg,-1,Female
078688.jpg,1,Male
078699.jpg,-1,Female
078700.jpg,1,Male
078788.jpg,1,Male
078842.jpg,-1,Female
078881.jpg,-1,Female
079057.jpg,1,Male
079146.jpg,-1,Female
079163.jpg,-1,Female
079182.jpg,1,Male
079246.jpg,1,Male
079328.jpg,-1,Female
079348.jpg,1,Male
079408.jpg,-1,Female
079471.jpg,-1,Female
079514.jpg,-1,Female
079646.jpg,-1,Female
079720.jpg,-1,Female
079746.jpg,-1,Female
079758.jpg,-1,Female
079805.jpg,1,Male
079821.jpg,-1,Female
079924.jpg,-1,Female
080002.jpg,-1,Female
080015.jpg,-1,Female
080024.jpg,-1,Female
080077.jpg,1,Male
080084.jpg,1,Male
080117.jpg,1,Male
080190.jpg,1,Male
080337.jpg,-1,Female
080385.jpg,1,Male
080458.jpg,1,Male
080568.jpg,-1,Female
080571.jpg,-1,Female
080575.jpg,-1,Female
080610.jpg,1,Male
080614.jpg,1,Male
080655.jpg,-1,Female
080656.jpg,-1,Female
080741.jpg,1,Male
080748.jpg,-1,Female
080762.jpg,-1,Female
080775.jpg,1,Male
080842.jpg,1,Male
080848.jpg,1,Male
080858.jpg,-1,Female
080873.jpg,-1,Female
080893.jpg,-1,Female
080899.jpg,1,Male
080968.jpg,1,Male
081044.jpg,-1,Female
081058.jpg,1,Male
081062.jpg,1,Male
081132.jpg,1,Male
081187.jpg,-1,Female
081274.jpg,1,Male
081310.jpg,-1,Female
081330.jpg,1,Male
081374.jpg,1,Male
081388.jpg,-1,Female
081442.jpg,-1,Female
081444.jpg,-1,Female
081454.jpg,-1,Female
081459.jpg,1,Male
081460.jpg,-1,Female
081470.jpg,-1,Female
081496.jpg,-1,Female
081551.jpg,1,Male
081598.jpg,-1,Female
081605.jpg,1,Male
081606.jpg,-1,Female
081675.jpg,-1,Female
081706.jpg,-1,Female
081726.jpg,-1,Female
081758.jpg,-1,Female
081760.jpg,1,Male
081807.jpg,1,Male
081808.jpg,-1,Female
081841.jpg,1,Male
081846.jpg,-1,Female
081847.jpg,-1,Female
081930.jpg,-1,Female
081995.jpg,1,Male
081996.jpg,-1,Female
082016.jpg,-1,Female
082100.jpg,-1,Female
082121.jpg,1,Male
082160.jpg,-1,Female
082186.jpg,-1,Female
082221.jpg,1,Male
082230.jpg,1,Male
082244.jpg,-1,Female
082381.jpg,-1,Female
082387.jpg,1,Male
082443.jpg,-1,Female
082670.jpg,1,Male
082676.jpg,-1,Female
082681.jpg,-1,Female
082685.jpg,-1,Female
082696.jpg,-1,Female
082706.jpg,1,Male
082782.jpg,-1,Female
082794.jpg,1,Male
082884.jpg,-1,Female
082897.jpg,1,Male
082926.jpg,1,Male
082981.jpg,-1,Female
082996.jpg,1,Male
083003.jpg,1,Male
083069.jpg,1,Male
083075.jpg,-1,Female
083087.jpg,-1,Female
083180.jpg,1,Male
083275.jpg,1,Male
083292.jpg,-1,Female
083326.jpg,-1,Female
083366.jpg,-1,Female
083400.jpg,1,Male
083406.jpg,-1,Female
083425.jpg,1,Male
083462.jpg,-1,Female
083581.jpg,-1,Female
083619.jpg,-1,Female
083706.jpg,-1,Female
083780.jpg,1,Male
083870.jpg,1,Male
083874.jpg,-1,Female
083880.jpg,-1,Female
083977.jpg,-1,Female
083996.jpg,-1,Female
084026.jpg,-1,Female
084094.jpg,1,Male
084105.jpg,-1,Female
084146.jpg,-1,Female
084201.jpg,-1,Female
084208.jpg,-1,Female
084211.jpg,-1,Female
084255.jpg,1,Male
084259.jpg,-1,Female
084268.jpg,1,Male
084315.jpg,-1,Female
084406.jpg,1,Male
084478.jpg,1,Male
084555.jpg,-1,Female
084588.jpg,-1,Female
084728.jpg,-1,Female
084857.jpg,-1,Female
084882.jpg,1,Male
084910.jpg,1,Male
084999.jpg,1,Male
085021.jpg,1,Male
085023.jpg,1,Male
085077.jpg,-1,Female
085241.jpg,1,Male
085250.jpg,-1,Female
085256.jpg,1,Male
085275.jpg,-1,Female
085327.jpg,-1,Female
085350.jpg,-1,Female
085351.jpg,-1,Female
085356.jpg,-1,Female
085390.jpg,-1,Female
085444.jpg,1,Male
085453.jpg,1,Male
085460.jpg,1,Male
085474.jpg,-1,Female
085487.jpg,1,Male
085507.jpg,-1,Female
085555.jpg,-1,Female
085589.jpg,1,Male
085598.jpg,-1,Female
085613.jpg,-1,Female
085700.jpg,-1,Female
085754.jpg,1,Male
085777.jpg,1,Male
085786.jpg,-1,Female
085819.jpg,-1,Female
085840.jpg,-1,Female
085893.jpg,1,Male
085896.jpg,-1,Female
085897.jpg,1,Male
085927.jpg,1,Male
085983.jpg,-1,Female
086026.jpg,1,Male
086036.jpg,-1,Female
086061.jpg,-1,Female
086090.jpg,1,Male
086142.jpg,-1,Female
086189.jpg,1,Male
086193.jpg,-1,Female
086201.jpg,-1,Female
086445.jpg,-1,Female
086468.jpg,1,Male
086471.jpg,-1,Female
086473.jpg,-1,Female
086508.jpg,-1,Female
086516.jpg,-1,Female
086532.jpg,1,Male
086660.jpg,1,Male
086739.jpg,-1,Female
086743.jpg,-1,Female
086797.jpg,-1,Female
086814.jpg,-1,Female
086843.jpg,-1,Female
086911.jpg,1,Male
086978.jpg,-1,Female
086983.jpg,-1,Female
086997.jpg,-1,Female
087012.jpg,1,Male
087086.jpg,1,Male
087103.jpg,-1,Female
087165.jpg,1,Male
087193.jpg,-1,Female
087197.jpg,-1,Female
087212.jpg,1,Male
087342.jpg,-1,Female
087410.jpg,-1,Female
087416.jpg,-1,Female
087467.jpg,1,Male
087490.jpg,1,Male
087530.jpg,1,Male
087583.jpg,1,Male
087603.jpg,-1,Female
087675.jpg,-1,Female
087697.jpg,1,Male
087807.jpg,-1,Female
087841.jpg,-1,Female
087864.jpg,-1,Female
087890.jpg,-1,Female
087992.jpg,-1,Female
088005.jpg,1,Male
088084.jpg,-1,Female
088085.jpg,1,Male
088095.jpg,-1,Female
088117.jpg,-1,Female
088136.jpg,1,Male
088176.jpg,-1,Female
088221.jpg,1,Male
088225.jpg,-1,Female
088238.jpg,-1,Female
088300.jpg,1,Male
088319.jpg,1,Male
088366.jpg,-1,Female
088410.jpg,1,Male
088461.jpg,-1,Female
088492.jpg,-1,Female
088527.jpg,-1,Female
088548.jpg,-1,Female
088574.jpg,-1,Female
088594.jpg,-1,Female
088611.jpg,-1,Female
088631.jpg,1,Male
088672.jpg,1,Male
088686.jpg,-1,Female
088724.jpg,-1,Female
088792.jpg,-1,Female
088866.jpg,-1,Female
088965.jpg,1,Male
089076.jpg,-1,Female
089089.jpg,1,Male
089211.jpg,1,Male
089217.jpg,-1,Female
089219.jpg,-1,Female
089241.jpg,1,Male
089257.jpg,-1,Female
089315.jpg,-1,Female
089371.jpg,-1,Female
089377.jpg,-1,Female
089457.jpg,-1,Female
089511.jpg,-1,Female
089527.jpg,1,Male
089565.jpg,1,Male
089676.jpg,-1,Female
089696.jpg,1,Male
089734.jpg,-1,Female
089826.jpg,-1,Female
089838.jpg,-1,Female
089936.jpg,1,Male
089944.jpg,-1,Female
089961.jpg,-1,Female
090007.jpg,1,Male
090009.jpg,-1,Female
090146.jpg,-1,Female
090164.jpg,-1,Female
090181.jpg,1,Male
090249.jpg,1,Male
090286.jpg,1,Male
090328.jpg,1,Male
090403.jpg,1,Male
090418.jpg,1,Male
090583.jpg,1,Male
090610.jpg,1,Male
090613.jpg,-1,Female
090658.jpg,-1,Female
090711.jpg,-1,Female
090726.jpg,-1,Female
090751.jpg,1,Male
090773.jpg,1,Male
090878.jpg,-1,Female
090968.jpg,-1,Female
090999.jpg,1,Male
091005.jpg,-1,Female
091111.jpg,1,Male
091165.jpg,-1,Female
091177.jpg,1,Male
091184.jpg,-1,Female
091219.jpg,-1,Female
091234.jpg,-1,Female
091331.jpg,1,Male
091354.jpg,1,Male
091358.jpg,1,Male
091368.jpg,-1,Female
091380.jpg,1,Male
091505.jpg,-1,Female
091578.jpg,-1,Female
091616.jpg,1,Male
091620.jpg,1,Male
091632.jpg,-1,Female
091642.jpg,1,Male
091643.jpg,1,Male
091707.jpg,-1,Female
091710.jpg,-1,Female
091726.jpg,-1,Female
091761.jpg,-1,Female
091826.jpg,-1,Female
091843.jpg,-1,Female
091853.jpg,-1,Female
091965.jpg,1,Male
091976.jpg,-1,Female
091988.jpg,-1,Female
092023.jpg,1,Male
092026.jpg,-1,Female
092029.jpg,-1,Female
092043.jpg,-1,Female
092064.jpg,-1,Female
092093.jpg,-1,Female
092210.jpg,1,Male
092234.jpg,-1,Female
092239.jpg,-1,Female
092252.jpg,1,Male
092400.jpg,1,Male
092403.jpg,-1,Female
092445.jpg,-1,Female
092481.jpg,1,Male
092545.jpg,-1,Female
092548.jpg,-1,Female
092551.jpg,1,Male
092561.jpg,1,Male
092562.jpg,-1,Female
092574.jpg,1,Male
092605.jpg,1,Male
092630.jpg,1,Male
092734.jpg,-1,Female
092793.jpg,-1,Female
092804.jpg,1,Male
092932.jpg,-1,Female
092966.jpg,1,Male
093002.jpg,-1,Female
093015.jpg,-1,Female
093110.jpg,-1,Female
093122.jpg,-1,Female
093176.jpg,-1,Female
093185.jpg,1,Male
093213.jpg,1,Male
093251.jpg,1,Male
093260.jpg,-1,Female
093280.jpg,1,Male
093294.jpg,1,Male
093346.jpg,1,Male
093419.jpg,1,Male
093459.jpg,-1,Female
093469.jpg,-1,Female
093542.jpg,-1,Female
093552.jpg,-1,Female
093565.jpg,1,Male
093636.jpg,-1,Female
093666.jpg,-1,Female
093675.jpg,1,Male
093710.jpg,1,Male
093805.jpg,-1,Female
093856.jpg,1,Male
093870.jpg,1,Male
093928.jpg,-1,Female
093931.jpg,1,Male
093979.jpg,-1,Female
094001.jpg,-1,Female
094003.jpg,-1,Female
094009.jpg,-1,Female
094024.jpg,-1,Female
094049.jpg,-1,Female
094089.jpg,-1,Female
094108.jpg,1,Male
094141.jpg,1,Male
094145.jpg,-1,Female
094222.jpg,-1,Female
094223.jpg,1,Male
094274.jpg,1,Male
094352.jpg,-1,Female
094361.jpg,1,Male
094417.jpg,-1,Female
094473.jpg,-1,Female
094489.jpg,-1,Female
094601.jpg,-1,Female
094617.jpg,-1,Female
094746.jpg,-1,Female
094751.jpg,-1,Female
094784.jpg,1,Male
094846.jpg,-1,Female
094850.jpg,-1,Female
094864.jpg,-1,Female
094914.jpg,1,Male
094915.jpg,1,Male
094946.jpg,-1,Female
095034.jpg,-1,Female
095178.jpg,-1,Female
095311.jpg,-1,Female
095327.jpg,-1,Female
095372.jpg,-1,Female
095378.jpg,1,Male
095398.jpg,-1,Female
095426.jpg,-1,Female
095456.jpg,-1,Female
095474.jpg,-1,Female
095480.jpg,-1,Female
095487.jpg,-1,Female
095534.jpg,1,Male
095574.jpg,-1,Female
095725.jpg,1,Male
095867.jpg,-1,Female
095881.jpg,1,Male
095887.jpg,-1,Female
095896.jpg,-1,Female
095920.jpg,1,Male
095924.jpg,1,Male
095962.jpg,-1,Female
095965.jpg,-1,Female
095985.jpg,-1,Female
095987.jpg,1,Male
096011.jpg,1,Male
096108.jpg,1,Male
096120.jpg,-1,Female
096125.jpg,-1,Female
096134.jpg,-1,Female
096135.jpg,1,Male
096167.jpg,1,Male
096168.jpg,-1,Female
096178.jpg,1,Male
096185.jpg,1,Male
096196.jpg,1,Male
096261.jpg,1,Male
096301.jpg,-1,Female
096347.jpg,-1,Female
096360.jpg,1,Male
096404.jpg,1,Male
096423.jpg,-1,Female
096455.jpg,-1,Female
096459.jpg,1,Male
096467.jpg,-1,Female
096644.jpg,-1,Female
096669.jpg,-1,Female
096749.jpg,-1,Female
096795.jpg,-1,Female
096853.jpg,-1,Female
096943.jpg,-1,Female
096974.jpg,-1,Female
097164.jpg,1,Male
097249.jpg,-1,Female
097268.jpg,-1,Female
097357.jpg,-1,Female
097471.jpg,1,Male
097492.jpg,1,Male
097508.jpg,-1,Female
097555.jpg,-1,Female
097608.jpg,-1,Female
097796.jpg,-1,Female
097815.jpg,-1,Female
097853.jpg,-1,Female
097859.jpg,1,Male
097872.jpg,-1,Female
097892.jpg,1,Male
097966.jpg,1,Male
098032.jpg,-1,Female
098046.jpg,-1,Female
098097.jpg,1,Male
098123.jpg,-1,Female
098124.jpg,-1,Female
098176.jpg,-1,Female
098232.jpg,-1,Female
098236.jpg,-1,Female
098258.jpg,-1,Female
098301.jpg,-1,Female
098335.jpg,1,Male
098337.jpg,1,Male
098410.jpg,-1,Female
098428.jpg,-1,Female
098446.jpg,-1,Female
098518.jpg,-1,Female
098574.jpg,-1,Female
098583.jpg,1,Male
098718.jpg,1,Male
098745.jpg,-1,Female
098757.jpg,1,Male
098793.jpg,-1,Female
098831.jpg,1,Male
098838.jpg,-1,Female
098912.jpg,-1,Female
098987.jpg,-1,Female
098990.jpg,1,Male
098992.jpg,-1,Female
099012.jpg,-1,Female
099076.jpg,-1,Female
099147.jpg,-1,Female
099180.jpg,-1,Female
099246.jpg,1,Male
099278.jpg,-1,Female
099279.jpg,-1,Female
099311.jpg,-1,Female
099367.jpg,-1,Female
099387.jpg,-1,Female
099422.jpg,-1,Female
099431.jpg,1,Male
099496.jpg,1,Male
099517.jpg,1,Male
099564.jpg,-1,Female
099639.jpg,-1,Female
099764.jpg,-1,Female
099769.jpg,1,Male
099777.jpg,-1,Female
099801.jpg,1,Male
099826.jpg,-1,Female
099877.jpg,-1,Female
100023.jpg,-1,Female
100079.jpg,-1,Female
100096.jpg,-1,Female
100114.jpg,-1,Female
100122.jpg,1,Male
100163.jpg,-1,Female
100175.jpg,-1,Female
100190.jpg,-1,Female
100195.jpg,1,Male
100216.jpg,-1,Female
100232.jpg,1,Male
100403.jpg,1,Male
100409.jpg,-1,Female
100432.jpg,-1,Female
100434.jpg,-1,Female
100465.jpg,1,Male
100538.jpg,1,Male
100554.jpg,-1,Female
100666.jpg,1,Male
100679.jpg,-1,Female
100711.jpg,1,Male
100846.jpg,-1,Female
100877.jpg,1,Male
100916.jpg,1,Male
101009.jpg,-1,Female
101062.jpg,1,Male
101084.jpg,1,Male
101103.jpg,-1,Female
101154.jpg,-1,Female
101177.jpg,-1,Female
101180.jpg,-1,Female
101221.jpg,1,Male
101241.jpg,1,Male
101345.jpg,-1,Female
101391.jpg,1,Male
101464.jpg,1,Male
101557.jpg,1,Male
101561.jpg,-1,Female
101582.jpg,1,Male
101606.jpg,-1,Female
101642.jpg,-1,Female
101708.jpg,-1,Female
101763.jpg,-1,Female
101783.jpg,-1,Female
101817.jpg,-1,Female
101851.jpg,-1,Female
102038.jpg,-1,Female
102093.jpg,-1,Female
102106.jpg,-1,Female
102185.jpg,1,Male
102241.jpg,1,Male
102292.jpg,1,Male
102367.jpg,-1,Female
102378.jpg,-1,Female
102420.jpg,-1,Female
102625.jpg,1,Male
102634.jpg,-1,Female
102645.jpg,1,Male
102698.jpg,-1,Female
102709.jpg,-1,Female
102747.jpg,-1,Female
102821.jpg,1,Male
102865.jpg,1,Male
102867.jpg,-1,Female
102878.jpg,-1,Female
102913.jpg,1,Male
102935.jpg,-1,Female
102936.jpg,1,Male
103099.jpg,-1,Female
103146.jpg,-1,Female
103250.jpg,1,Male
103262.jpg,1,Male
103311.jpg,1,Male
103410.jpg,-1,Female
103415.jpg,1,Male
103439.jpg,1,Male
103457.jpg,1,Male
103464.jpg,-1,Female
103504.jpg,1,Male
103510.jpg,1,Male
103525.jpg,-1,Female
103560.jpg,-1,Female
103564.jpg,-1,Female
103567.jpg,-1,Female
103579.jpg,1,Male
103602.jpg,1,Male
103631.jpg,-1,Female
103643.jpg,1,Male
103730.jpg,1,Male
103754.jpg,-1,Female
103792.jpg,-1,Female
103816.jpg,1,Male
104089.jpg,1,Male
104113.jpg,-1,Female
104115.jpg,-1,Female
104227.jpg,-1,Female
104244.jpg,1,Male
104417.jpg,-1,Female
104570.jpg,-1,Female
104576.jpg,1,Male
104595.jpg,1,Male
104777.jpg,-1,Female
104792.jpg,-1,Female
104802.jpg,-1,Female
104825.jpg,-1,Female
104944.jpg,1,Male
104976.jpg,-1,Female
104994.jpg,-1,Female
105006.jpg,-1,Female
105150.jpg,-1,Female
105160.jpg,-1,Female
105161.jpg,-1,Female
105200.jpg,-1,Female
105355.jpg,1,Male
105472.jpg,-1,Female
105490.jpg,1,Male
105501.jpg,1,Male
105598.jpg,-1,Female
105606.jpg,-1,Female
105674.jpg,1,Male
105828.jpg,-1,Female
105863.jpg,-1,Female
105926.jpg,1,Male
105950.jpg,-1,Female
105964.jpg,1,Male
105980.jpg,-1,Female
105986.jpg,-1,Female
106017.jpg,-1,Female
106127.jpg,1,Male
106164.jpg,-1,Female
106167.jpg,-1,Female
106192.jpg,-1,Female
106200.jpg,-1,Female
106253.jpg,-1,Female
106361.jpg,1,Male
106478.jpg,-1,Female
106547.jpg,1,Male
106593.jpg,-1,Female
106614.jpg,1,Male
106620.jpg,-1,Female
106629.jpg,1,Male
106643.jpg,1,Male
106722.jpg,1,Male
106794.jpg,1,Male
106797.jpg,1,Male
106800.jpg,-1,Female
106880.jpg,-1,Female
106912.jpg,-1,Female
106958.jpg,-1,Female
107074.jpg,-1,Female
107209.jpg,1,Male
107210.jpg,1,Male
107217.jpg,1,Male
107229.jpg,-1,Female
107277.jpg,-1,Female
107306.jpg,1,Male
107346.jpg,-1,Female
107353.jpg,-1,Female
107363.jpg,1,Male
107369.jpg,-1,Female
107486.jpg,-1,Female
107503.jpg,-1,Female
107517.jpg,-1,Female
107536.jpg,1,Male
107624.jpg,-1,Female
107717.jpg,-1,Female
108039.jpg,-1,Female
108059.jpg,-1,Female
108073.jpg,-1,Female
108094.jpg,1,Male
108121.jpg,-1,Female
108181.jpg,1,Male
108233.jpg,1,Male
108276.jpg,-1,Female
108367.jpg,-1,Female
108387.jpg,-1,Female
108398.jpg,-1,Female
108405.jpg,1,Male
108425.jpg,1,Male
108540.jpg,1,Male
108568.jpg,1,Male
108617.jpg,-1,Female
108624.jpg,-1,Female
108644.jpg,-1,Female
108680.jpg,1,Male
108698.jpg,-1,Female
108799.jpg,1,Male
108858.jpg,-1,Female
108869.jpg,-1,Female
108931.jpg,1,Male
108937.jpg,-1,Female
108989.jpg,-1,Female
109013.jpg,-1,Female
109047.jpg,1,Male
109182.jpg,-1,Female
109192.jpg,-1,Female
109254.jpg,1,Male
109263.jpg,1,Male
109310.jpg,-1,Female
109411.jpg,1,Male
109505.jpg,-1,Female
109509.jpg,-1,Female
109518.jpg,1,Male
109576.jpg,-1,Female
109596.jpg,-1,Female
109677.jpg,1,Male
109687.jpg,-1,Female
109701.jpg,1,Male
109703.jpg,-1,Female
109721.jpg,-1,Female
109744.jpg,1,Male
109805.jpg,1,Male
109877.jpg,1,Male
109883.jpg,-1,Female
109897.jpg,1,Male
109947.jpg,-1,Female
109959.jpg,-1,Female
109979.jpg,-1,Female
110003.jpg,1,Male
110086.jpg,-1,Female
110250.jpg,1,Male
110387.jpg,1,Male
110439.jpg,-1,Female
110446.jpg,-1,Female
110502.jpg,1,Male
110536.jpg,1,Male
110574.jpg,-1,Female
110733.jpg,-1,Female
110756.jpg,1,Male
110759.jpg,-1,Female
110770.jpg,1,Male
110815.jpg,1,Male
110900.jpg,1,Male
110918.jpg,1,Male
111009.jpg,-1,Female
111033.jpg,-1,Female
111052.jpg,1,Male
111086.jpg,-1,Female
111104.jpg,1,Male
111235.jpg,-1,Female
111344.jpg,-1,Female
111408.jpg,1,Male
111413.jpg,-1,Female
111414.jpg,1,Male
111420.jpg,1,Male
111428.jpg,-1,Female
111430.jpg,-1,Female
111449.jpg,1,Male
111457.jpg,1,Male
111493.jpg,1,Male
111574.jpg,-1,Female
111589.jpg,-1,Female
111600.jpg,-1,Female
111690.jpg,-1,Female
111771.jpg,-1,Female
111881.jpg,-1,Female
111885.jpg,-1,Female
111893.jpg,-1,Female
111902.jpg,-1,Female
111927.jpg,-1,Female
111980.jpg,1,Male
112013.jpg,1,Male
112086.jpg,-1,Female
112158.jpg,1,Male
112180.jpg,1,Male
112213.jpg,1,Male
112242.jpg,1,Male
112327.jpg,-1,Female
112347.jpg,1,Male
112357.jpg,-1,Female
112381.jpg,-1,Female
112410.jpg,-1,Female
112434.jpg,1,Male
112465.jpg,1,Male
112468.jpg,-1,Female
112529.jpg,1,Male
112579.jpg,-1,Female
112620.jpg,1,Male
112679.jpg,-1,Female
112743.jpg,-1,Female
112747.jpg,-1,Female
112774.jpg,-1,Female
112807.jpg,-1,Female
112818.jpg,-1,Female
112902.jpg,-1,Female
112990.jpg,1,Male
113022.jpg,1,Male
113059.jpg,1,Male
113104.jpg,-1,Female
113179.jpg,-1,Female
113211.jpg,-1,Female
113213.jpg,1,Male
113228.jpg,1,Male
113230.jpg,1,Male
113261.jpg,1,Male
113268.jpg,1,Male
113282.jpg,1,Male
113441.jpg,-1,Female
113482.jpg,1,Male
113570.jpg,-1,Female
113580.jpg,-1,Female
113614.jpg,-1,Female
113617.jpg,1,Male
113636.jpg,-1,Female
113739.jpg,-1,Female
113758.jpg,1,Male
113816.jpg,-1,Female
113866.jpg,1,Male
113880.jpg,1,Male
113892.jpg,-1,Female
113907.jpg,-1,Female
113916.jpg,-1,Female
113930.jpg,-1,Female
113979.jpg,1,Male
113984.jpg,-1,Female
113993.jpg,-1,Female
114010.jpg,1,Male
114107.jpg,-1,Female
114117.jpg,1,Male
114141.jpg,1,Male
114191.jpg,-1,Female
114297.jpg,1,Male
114323.jpg,-1,Female
114355.jpg,-1,Female
114417.jpg,-1,Female
114444.jpg,-1,Female
114479.jpg,-1,Female
114598.jpg,-1,Female
114674.jpg,-1,Female
114758.jpg,1,Male
114866.jpg,1,Male
114961.jpg,-1,Female
114989.jpg,1,Male
114994.jpg,1,Male
115023.jpg,1,Male
115117.jpg,-1,Female
115131.jpg,-1,Female
115235.jpg,-1,Female
115269.jpg,-1,Female
115290.jpg,1,Male
115327.jpg,1,Male
115389.jpg,-1,Female
115403.jpg,1,Male
115486.jpg,-1,Female
115497.jpg,1,Male
115505.jpg,-1,Female
115524.jpg,1,Male
115657.jpg,1,Male
115683.jpg,1,Male
115691.jpg,-1,Female
115739.jpg,1,Male
115768.jpg,1,Male
115785.jpg,1,Male
115865.jpg,1,Male
115908.jpg,-1,Female
115931.jpg,-1,Female
116002.jpg,1,Male
116073.jpg,-1,Female
116091.jpg,-1,Female
116105.jpg,-1,Female
116187.jpg,-1,Female
116188.jpg,-1,Female
116201.jpg,-1,Female
116203.jpg,-1,Female
116204.jpg,1,Male
116263.jpg,-1,Female
116270.jpg,-1,Female
116326.jpg,1,Male
116408.jpg,-1,Female
116484.jpg,1,Male
116488.jpg,-1,Female
116506.jpg,1,Male
116548.jpg,1,Male
116559.jpg,1,Male
116628.jpg,-1,Female
116655.jpg,-1,Female
116694.jpg,-1,Female
116832.jpg,1,Male
116839.jpg,-1,Female
116852.jpg,1,Male
116941.jpg,-1,Female
117046.jpg,-1,Female
117118.jpg,1,Male
117225.jpg,1,Male
117227.jpg,-1,Female
117232.jpg,1,Male
117362.jpg,-1,Female
117410.jpg,-1,Female
117443.jpg,-1,Female
117461.jpg,1,Male
117479.jpg,-1,Female
117501.jpg,-1,Female
117513.jpg,1,Male
117581.jpg,-1,Female
117667.jpg,1,Male
117668.jpg,-1,Female
117742.jpg,-1,Female
117747.jpg,-1,Female
117827.jpg,-1,Female
117842.jpg,-1,Female
117853.jpg,1,Male
117932.jpg,-1,Female
118005.jpg,1,Male
118034.jpg,1,Male
118052.jpg,-1,Female
118092.jpg,-1,Female
118123.jpg,1,Male
118181.jpg,1,Male
118206.jpg,1,Male
118325.jpg,-1,Female
118327.jpg,1,Male
118361.jpg,-1,Female
118379.jpg,1,Male
118428.jpg,-1,Female
118433.jpg,-1,Female
118434.jpg,-1,Female
118448.jpg,-1,Female
118478.jpg,1,Male
118538.jpg,-1,Female
118661.jpg,-1,Female
118778.jpg,1,Male
118900.jpg,-1,Female
118949.jpg,-1,Female
119038.jpg,-1,Female
119051.jpg,1,Male
119055.jpg,1,Male
119135.jpg,1,Male
119163.jpg,-1,Female
119192.jpg,-1,Female
119273.jpg,-1,Female
119357.jpg,-1,Female
119435.jpg,1,Male
119478.jpg,-1,Female
119527.jpg,-1,Female
119561.jpg,1,Male
119567.jpg,-1,Female
119568.jpg,1,Male
119587.jpg,1,Male
119611.jpg,-1,Female
119653.jpg,-1,Female
119678.jpg,-1,Female
119682.jpg,-1,Female
119686.jpg,1,Male
119693.jpg,-1,Female
119733.jpg,1,Male
119734.jpg,-1,Female
119741.jpg,-1,Female
119816.jpg,-1,Female
119940.jpg,-1,Female
119995.jpg,-1,Female
120004.jpg,-1,Female
120022.jpg,1,Male
120065.jpg,-1,Female
120103.jpg,1,Male
120212.jpg,-1,Female
120244.jpg,-1,Female
120252.jpg,-1,Female
120258.jpg,1,Male
120322.jpg,1,Male
120372.jpg,-1,Female
120390.jpg,-1,Female
120391.jpg,-1,Female
120504.jpg,-1,Female
120507.jpg,1,Male
120543.jpg,1,Male
120599.jpg,1,Male
120607.jpg,-1,Female
120627.jpg,1,Male
120642.jpg,-1,Female
120646.jpg,1,Male
120718.jpg,-1,Female
120795.jpg,1,Male
120847.jpg,-1,Female
120860.jpg,-1,Female
120877.jpg,1,Male
120908.jpg,-1,Female
120938.jpg,1,Male
120955.jpg,-1,Female
120971.jpg,-1,Female
120975.jpg,-1,Female
120990.jpg,-1,Female
121055.jpg,1,Male
121070.jpg,-1,Female
121161.jpg,-1,Female
121163.jpg,-1,Female
121203.jpg,-1,Female
121243.jpg,1,Male
121309.jpg,1,Male
121496.jpg,1,Male
121561.jpg,-1,Female
121603.jpg,-1,Female
121704.jpg,-1,Female
121742.jpg,1,Male
121762.jpg,1,Male
121788.jpg,1,Male
121822.jpg,1,Male
121842.jpg,1,Male
121937.jpg,-1,Female
121950.jpg,1,Male
122009.jpg,-1,Female
122039.jpg,1,Male
122143.jpg,1,Male
122145.jpg,1,Male
122153.jpg,-1,Female
122166.jpg,1,Male
122169.jpg,-1,Female
122192.jpg,-1,Female
122279.jpg,1,Male
122315.jpg,1,Male
122326.jpg,-1,Female
122419.jpg,-1,Female
122488.jpg,1,Male
122501.jpg,-1,Female
122512.jpg,-1,Female
122602.jpg,1,Male
122681.jpg,-1,Female
122683.jpg,-1,Female
122740.jpg,-1,Female
122747.jpg,1,Male
122802.jpg,-1,Female
122822.jpg,1,Male
122866.jpg,1,Male
122908.jpg,1,Male
122947.jpg,1,Male
123005.jpg,-1,Female
123089.jpg,-1,Female
123156.jpg,-1,Female
123178.jpg,-1,Female
123186.jpg,1,Male
123213.jpg,-1,Female
123284.jpg,1,Male
123300.jpg,1,Male
123372.jpg,-1,Female
123374.jpg,-1,Female
123400.jpg,-1,Female
123407.jpg,-1,Female
123487.jpg,-1,Female
123514.jpg,1,Male
123615.jpg,1,Male
123622.jpg,-1,Female
123661.jpg,-1,Female
123693.jpg,-1,Female
123776.jpg,1,Male
123795.jpg,1,Male
123819.jpg,-1,Female
123835.jpg,1,Male
123929.jpg,-1,Female
124022.jpg,1,Male
124207.jpg,-1,Female
124210.jpg,1,Male
124250.jpg,-1,Female
124279.jpg,-1,Female
124339.jpg,-1,Female
124345.jpg,1,Male
124346.jpg,-1,Female
124365.jpg,-1,Female
124438.jpg,-1,Female
124534.jpg,-1,Female
124559.jpg,1,Male
124603.jpg,-1,Female
124686.jpg,-1,Female
124704.jpg,1,Male
124819.jpg,1,Male
124824.jpg,1,Male
124838.jpg,1,Male
124857.jpg,1,Male
124865.jpg,1,Male
124904.jpg,-1,Female
124919.jpg,1,Male
125013.jpg,-1,Female
125026.jpg,1,Male
125028.jpg,1,Male
125045.jpg,1,Male
125062.jpg,1,Male
125403.jpg,-1,Female
125404.jpg,-1,Female
125464.jpg,1,Male
125534.jpg,-1,Female
125599.jpg,1,Male
125670.jpg,-1,Female
125675.jpg,-1,Female
125710.jpg,-1,Female
125753.jpg,1,Male
125768.jpg,-1,Female
125803.jpg,1,Male
125826.jpg,1,Male
125862.jpg,1,Male
125871.jpg,1,Male
125880.jpg,-1,Female
125904.jpg,1,Male
125989.jpg,1,Male
126038.jpg,1,Male
126061.jpg,-1,Female
126098.jpg,1,Male
126186.jpg,-1,Female
126227.jpg,-1,Female
126265.jpg,1,Male
126266.jpg,1,Male
126270.jpg,-1,Female
126409.jpg,-1,Female
126444.jpg,1,Male
126502.jpg,-1,Female
126519.jpg,-1,Female
126551.jpg,1,Male
126569.jpg,-1,Female
126577.jpg,-1,Female
126598.jpg,1,Male
126613.jpg,-1,Female
126620.jpg,1,Male
126716.jpg,-1,Female
126728.jpg,-1,Female
126790.jpg,-1,Female
126835.jpg,1,Male
126880.jpg,1,Male
127031.jpg,-1,Female
127172.jpg,1,Male
127180.jpg,-1,Female
127192.jpg,1,Male
127374.jpg,-1,Female
127411.jpg,-1,Female
127416.jpg,-1,Female
127446.jpg,-1,Female
127485.jpg,-1,Female
127488.jpg,-1,Female
127519.jpg,1,Male
127541.jpg,-1,Female
127572.jpg,1,Male
127624.jpg,-1,Female
127653.jpg,-1,Female
127721.jpg,-1,Female
127818.jpg,-1,Female
127855.jpg,1,Male
127870.jpg,-1,Female
127878.jpg,-1,Female
127962.jpg,-1,Female
127965.jpg,-1,Female
127971.jpg,-1,Female
128021.jpg,1,Male
128123.jpg,-1,Female
128130.jpg,-1,Female
128158.jpg,1,Male
128175.jpg,-1,Female
128219.jpg,-1,Female
128229.jpg,1,Male
128252.jpg,1,Male
128266.jpg,1,Male
128353.jpg,1,Male
128360.jpg,-1,Female
128399.jpg,1,Male
128409.jpg,-1,Female
128411.jpg,-1,Female
128433.jpg,1,Male
128506.jpg,1,Male
128545.jpg,-1,Female
128628.jpg,-1,Female
128631.jpg,1,Male
128637.jpg,-1,Female
128694.jpg,1,Male
128797.jpg,1,Male
128802.jpg,-1,Female
128809.jpg,1,Male
128816.jpg,1,Male
128899.jpg,-1,Female
128911.jpg,-1,Female
128925.jpg,1,Male
128937.jpg,1,Male
129002.jpg,-1,Female
129023.jpg,-1,Female
129064.jpg,1,Male
129067.jpg,-1,Female
129107.jpg,-1,Female
129152.jpg,1,Male
129195.jpg,1,Male
129208.jpg,-1,Female
129275.jpg,-1,Female
129288.jpg,1,Male
129307.jpg,-1,Female
129334.jpg,-1,Female
129341.jpg,1,Male
129371.jpg,-1,Female
129451.jpg,1,Male
129568.jpg,1,Male
129585.jpg,-1,Female
129622.jpg,1,Male
129630.jpg,1,Male
129651.jpg,1,Male
129671.jpg,-1,Female
129715.jpg,-1,Female
129722.jpg,-1,Female
129790.jpg,-1,Female
129911.jpg,-1,Female
129916.jpg,1,Male
129972.jpg,1,Male
129980.jpg,-1,Female
130037.jpg,-1,Female
130108.jpg,-1,Female
130131.jpg,1,Male
130253.jpg,1,Male
130261.jpg,-1,Female
130292.jpg,1,Male
130513.jpg,-1,Female
130568.jpg,-1,Female
130656.jpg,-1,Female
130671.jpg,1,Male
130747.jpg,-1,Female
130792.jpg,-1,Female
130853.jpg,-1,Female
130855.jpg,1,Male
130866.jpg,-1,Female
130878.jpg,1,Male
130948.jpg,1,Male
130951.jpg,-1,Female
130964.jpg,-1,Female
130987.jpg,1,Male
131068.jpg,1,Male
131144.jpg,1,Male
131148.jpg,-1,Female
131190.jpg,-1,Female
131218.jpg,1,Male
131393.jpg,-1,Female
131410.jpg,-1,Female
131426.jpg,1,Male
131454.jpg,-1,Female
131459.jpg,-1,Female
131462.jpg,1,Male
131502.jpg,1,Male
131566.jpg,-1,Female
131585.jpg,-1,Female
131608.jpg,-1,Female
131613.jpg,1,Male
131619.jpg,-1,Female
131756.jpg,-1,Female
131787.jpg,1,Male
131874.jpg,-1,Female
131891.jpg,1,Male
131911.jpg,-1,Female
132047.jpg,-1,Female
132053.jpg,-1,Female
132075.jpg,-1,Female
132087.jpg,1,Male
132101.jpg,-1,Female
132113.jpg,1,Male
132133.jpg,1,Male
132136.jpg,1,Male
132175.jpg,1,Male
132189.jpg,-1,Female
132256.jpg,1,Male
132284.jpg,-1,Female
132318.jpg,-1,Female
132389.jpg,-1,Female
132401.jpg,1,Male
132444.jpg,-1,Female
132476.jpg,-1,Female
132574.jpg,-1,Female
132620.jpg,-1,Female
132701.jpg,-1,Female
132702.jpg,1,Male
132706.jpg,-1,Female
132759.jpg,-1,Female
132796.jpg,1,Male
132807.jpg,1,Male
132950.jpg,1,Male
133043.jpg,-1,Female
133062.jpg,-1,Female
133066.jpg,1,Male
133149.jpg,-1,Female
133181.jpg,1,Male
133220.jpg,1,Male
133229.jpg,-1,Female
133335.jpg,1,Male
133341.jpg,-1,Female
133411.jpg,1,Male
133422.jpg,1,Male
133426.jpg,-1,Female
133439.jpg,1,Male
133455.jpg,1,Male
133459.jpg,-1,Female
133469.jpg,-1,Female
133479.jpg,-1,Female
133480.jpg,-1,Female
133529.jpg,-1,Female
133612.jpg,1,Male
133639.jpg,-1,Female
133650.jpg,-1,Female
133692.jpg,-1,Female
133695.jpg,-1,Female
133710.jpg,-1,Female
133834.jpg,-1,Female
133900.jpg,-1,Female
133904.jpg,1,Male
133945.jpg,-1,Female
133948.jpg,-1,Female
133990.jpg,-1,Female
134016.jpg,1,Male
134065.jpg,-1,Female
134077.jpg,-1,Female
134098.jpg,1,Male
134099.jpg,1,Male
134123.jpg,-1,Female
134275.jpg,1,Male
134322.jpg,1,Male
134336.jpg,-1,Female
134407.jpg,-1,Female
134438.jpg,1,Male
134457.jpg,-1,Female
134477.jpg,-1,Female
134535.jpg,1,Male
134609.jpg,1,Male
134653.jpg,1,Male
134671.jpg,-1,Female
134691.jpg,-1,Female
134747.jpg,-1,Female
134768.jpg,1,Male
134806.jpg,-1,Female
134839.jpg,-1,Female
134854.jpg,1,Male
134889.jpg,-1,Female
134897.jpg,1,Male
134919.jpg,-1,Female
134970.jpg,1,Male
134986.jpg,-1,Female
135052.jpg,1,Male
135160.jpg,-1,Female
135173.jpg,1,Male
135232.jpg,-1,Female
135289.jpg,-1,Female
135319.jpg,1,Male
135364.jpg,-1,Female
135375.jpg,-1,Female
135446.jpg,1,Male
135470.jpg,-1,Female
135503.jpg,1,Male
135557.jpg,1,Male
135584.jpg,-1,Female
135634.jpg,1,Male
135665.jpg,-1,Female
135686.jpg,-1,Female
135725.jpg,1,Male
135755.jpg,-1,Female
135817.jpg,1,Male
135841.jpg,1,Male
135872.jpg,1,Male
135946.jpg,-1,Female
136054.jpg,1,Male
136170.jpg,1,Male
136187.jpg,-1,Female
136189.jpg,1,Male
136281.jpg,-1,Female
136326.jpg,1,Male
136331.jpg,1,Male
136375.jpg,1,Male
136396.jpg,1,Male
136429.jpg,1,Male
136483.jpg,-1,Female
136513.jpg,1,Male
136534.jpg,1,Male
136581.jpg,-1,Female
136584.jpg,-1,Female
136758.jpg,-1,Female
136813.jpg,-1,Female
136837.jpg,-1,Female
137085.jpg,-1,Female
137197.jpg,-1,Female
137231.jpg,1,Male
137241.jpg,-1,Female
137245.jpg,1,Male
137277.jpg,-1,Female
137297.jpg,1,Male
137304.jpg,1,Male
137315.jpg,-1,Female
137329.jpg,1,Male
137345.jpg,-1,Female
137346.jpg,-1,Female
137371.jpg,1,Male
137376.jpg,1,Male
137378.jpg,-1,Female
137413.jpg,1,Male
137441.jpg,-1,Female
137448.jpg,-1,Female
137464.jpg,-1,Female
137499.jpg,-1,Female
137515.jpg,-1,Female
137557.jpg,1,Male
137562.jpg,-1,Female
137579.jpg,1,Male
137596.jpg,1,Male
137601.jpg,-1,Female
137648.jpg,-1,Female
137674.jpg,1,Male
137725.jpg,1,Male
137754.jpg,-1,Female
137836.jpg,1,Male
137844.jpg,-1,Female
137860.jpg,-1,Female
137871.jpg,1,Male
137909.jpg,-1,Female
138049.jpg,-1,Female
138134.jpg,1,Male
138156.jpg,-1,Female
138162.jpg,1,Male
138209.jpg,1,Male
138212.jpg,1,Male
138213.jpg,-1,Female
138353.jpg,1,Male
138369.jpg,-1,Female
138425.jpg,1,Male
138464.jpg,1,Male
138473.jpg,-1,Female
138534.jpg,-1,Female
138542.jpg,1,Male
138576.jpg,1,Male
138591.jpg,-1,Female
138598.jpg,-1,Female
138606.jpg,-1,Female
138768.jpg,1,Male
138881.jpg,-1,Female
138886.jpg,-1,Female
138897.jpg,-1,Female
138907.jpg,1,Male
138973.jpg,-1,Female
139006.jpg,-1,Female
139017.jpg,1,Male
139020.jpg,-1,Female
139109.jpg,-1,Female
139126.jpg,1,Male
139132.jpg,1,Male
139266.jpg,-1,Female
139283.jpg,-1,Female
139338.jpg,1,Male
139339.jpg,1,Male
139366.jpg,1,Male
139378.jpg,-1,Female
139406.jpg,1,Male
139457.jpg,1,Male
139471.jpg,1,Male
139514.jpg,1,Male
139521.jpg,1,Male
139590.jpg,-1,Female
139594.jpg,-1,Female
139611.jpg,1,Male
139623.jpg,-1,Female
139635.jpg,-1,Female
139666.jpg,1,Male
139722.jpg,1,Male
139728.jpg,-1,Female
139732.jpg,1,Male
139747.jpg,1,Male
139758.jpg,-1,Female
139832.jpg,1,Male
139835.jpg,-1,Female
139881.jpg,1,Male
139887.jpg,-1,Female
139893.jpg,-1,Female
139895.jpg,-1,Female
139925.jpg,1,Male
139932.jpg,-1,Female
139971.jpg,1,Male
139978.jpg,1,Male
140132.jpg,-1,Female
140166.jpg,1,Male
140189.jpg,1,Male
140223.jpg,1,Male
140366.jpg,-1,Female
140422.jpg,1,Male
140446.jpg,-1,Female
140504.jpg,-1,Female
140546.jpg,-1,Female
140570.jpg,1,Male
140649.jpg,-1,Female
140687.jpg,1,Male
140723.jpg,-1,Female
140798.jpg,1,Male
140843.jpg,-1,Female
140844.jpg,-1,Female
140867.jpg,1,Male
140871.jpg,1,Male
140930.jpg,1,Male
140938.jpg,1,Male
140954.jpg,-1,Female
140978.jpg,-1,Female
140986.jpg,-1,Female
141043.jpg,-1,Female
141067.jpg,1,Male
141089.jpg,-1,Female
141123.jpg,1,Male
141161.jpg,1,Male
141323.jpg,1,Male
141412.jpg,1,Male
141418.jpg,1,Male
141510.jpg,-1,Female
141649.jpg,1,Male
141662.jpg,1,Male
141672.jpg,-1,Female
141716.jpg,-1,Female
141741.jpg,-1,Female
141794.jpg,1,Male
141820.jpg,-1,Female
141822.jpg,1,Male
141825.jpg,-1,Female
141830.jpg,-1,Female
141847.jpg,-1,Female
141862.jpg,1,Male
141894.jpg,1,Male
141916.jpg,-1,Female
141990.jpg,-1,Female
142015.jpg,-1,Female
142020.jpg,-1,Female
142057.jpg,1,Male
142060.jpg,1,Male
142089.jpg,1,Male
142142.jpg,-1,Female
142223.jpg,1,Male
142237.jpg,1,Male
142246.jpg,-1,Female
142262.jpg,-1,Female
142296.jpg,-1,Female
142313.jpg,-1,Female
142340.jpg,1,Male
142445.jpg,-1,Female
142486.jpg,1,Male
142499.jpg,-1,Female
142502.jpg,-1,Female
142563.jpg,-1,Female
142586.jpg,1,Male
142646.jpg,1,Male
142664.jpg,1,Male
142676.jpg,-1,Female
142705.jpg,1,Male
142729.jpg,-1,Female
142740.jpg,1,Male
142792.jpg,1,Male
142807.jpg,1,Male
142819.jpg,-1,Female
142834.jpg,-1,Female
142891.jpg,-1,Female
142917.jpg,-1,Female
142940.jpg,1,Male
142943.jpg,1,Male
142967.jpg,1,Male
143015.jpg,1,Male
143055.jpg,1,Male
143093.jpg,1,Male
143103.jpg,1,Male
143162.jpg,1,Male
143192.jpg,-1,Female
143203.jpg,1,Male
143246.jpg,-1,Female
143255.jpg,1,Male
143308.jpg,-1,Female
143402.jpg,1,Male
143433.jpg,1,Male
143474.jpg,1,Male
143490.jpg,-1,Female
143574.jpg,1,Male
143581.jpg,-1,Female
143593.jpg,-1,Female
143612.jpg,-1,Female
143617.jpg,-1,Female
143624.jpg,-1,Female
143641.jpg,1,Male
143646.jpg,-1,Female
143723.jpg,-1,Female
143743.jpg,-1,Female
143759.jpg,1,Male
143873.jpg,-1,Female
143905.jpg,1,Male
143951.jpg,-1,Female
143970.jpg,-1,Female
144002.jpg,1,Male
144075.jpg,1,Male
144164.jpg,-1,Female
144180.jpg,1,Male
144210.jpg,1,Male
144215.jpg,1,Male
144223.jpg,1,Male
144229.jpg,-1,Female
144249.jpg,1,Male
144313.jpg,1,Male
144352.jpg,1,Male
144371.jpg,-1,Female
144382.jpg,-1,Female
144384.jpg,-1,Female
144409.jpg,1,Male
144410.jpg,1,Male
144461.jpg,1,Male
144503.jpg,1,Male
144548.jpg,-1,Female
144550.jpg,-1,Female
144594.jpg,-1,Female
144602.jpg,1,Male
144670.jpg,-1,Female
144688.jpg,-1,Female
144697.jpg,-1,Female
144763.jpg,-1,Female
144818.jpg,-1,Female
144893.jpg,1,Male
144904.jpg,-1,Female
144937.jpg,1,Male
144965.jpg,-1,Female
145034.jpg,-1,Female
145133.jpg,-1,Female
145154.jpg,-1,Female
145180.jpg,-1,Female
145202.jpg,-1,Female
145261.jpg,-1,Female
145309.jpg,-1,Female
145331.jpg,1,Male
145334.jpg,1,Male
145448.jpg,-1,Female
145470.jpg,-1,Female
145547.jpg,-1,Female
145607.jpg,-1,Female
145664.jpg,-1,Female
145689.jpg,1,Male
145742.jpg,-1,Female
145776.jpg,1,Male
145851.jpg,-1,Female
145875.jpg,-1,Female
145884.jpg,1,Male
145965.jpg,1,Male
145987.jpg,1,Male
145999.jpg,-1,Female
146067.jpg,1,Male
146069.jpg,-1,Female
146099.jpg,-1,Female
146143.jpg,-1,Female
146169.jpg,1,Male
146221.jpg,-1,Female
146235.jpg,-1,Female
146301.jpg,1,Male
146318.jpg,1,Male
146493.jpg,-1,Female
146516.jpg,1,Male
146534.jpg,1,Male
146638.jpg,1,Male
146795.jpg,-1,Female
146804.jpg,-1,Female
146820.jpg,-1,Female
146917.jpg,1,Male
146962.jpg,1,Male
146985.jpg,-1,Female
147016.jpg,-1,Female
147037.jpg,1,Male
147046.jpg,-1,Female
147165.jpg,1,Male
147184.jpg,-1,Female
147227.jpg,-1,Female
147307.jpg,-1,Female
147405.jpg,1,Male
147424.jpg,-1,Female
147434.jpg,-1,Female
147455.jpg,-1,Female
147457.jpg,1,Male
147488.jpg,-1,Female
147526.jpg,1,Male
147530.jpg,1,Male
147605.jpg,1,Male
147637.jpg,1,Male
147643.jpg,-1,Female
147680.jpg,-1,Female
147715.jpg,1,Male
147716.jpg,-1,Female
147774.jpg,-1,Female
147778.jpg,-1,Female
147857.jpg,-1,Female
147877.jpg,-1,Female
147886.jpg,1,Male
147930.jpg,1,Male
147954.jpg,-1,Female
147959.jpg,-1,Female
148007.jpg,-1,Female
148045.jpg,-1,Female
148048.jpg,1,Male
148050.jpg,-1,Female
148116.jpg,-1,Female
148289.jpg,-1,Female
148295.jpg,1,Male
148297.jpg,-1,Female
148304.jpg,-1,Female
148323.jpg,-1,Female
148327.jpg,-1,Female
148339.jpg,1,Male
148357.jpg,-1,Female
148399.jpg,-1,Female
148458.jpg,-1,Female
148494.jpg,-1,Female
148515.jpg,-1,Female
148534.jpg,-1,Female
148560.jpg,1,Male
148633.jpg,1,Male
148749.jpg,-1,Female
148900.jpg,-1,Female
148972.jpg,-1,Female
148988.jpg,-1,Female
149021.jpg,1,Male
149023.jpg,1,Male
149085.jpg,-1,Female
149198.jpg,-1,Female
149272.jpg,-1,Female
149303.jpg,-1,Female
149304.jpg,-1,Female
149337.jpg,1,Male
149445.jpg,-1,Female
149459.jpg,-1,Female
149502.jpg,-1,Female
149582.jpg,-1,Female
149603.jpg,1,Male
149605.jpg,-1,Female
149637.jpg,-1,Female
149669.jpg,-1,Female
149675.jpg,-1,Female
149705.jpg,1,Male
149792.jpg,1,Male
149801.jpg,1,Male
149866.jpg,-1,Female
149915.jpg,1,Male
149948.jpg,1,Male
150031.jpg,1,Male
150075.jpg,-1,Female
150092.jpg,1,Male
150169.jpg,1,Male
150193.jpg,-1,Female
150206.jpg,-1,Female
150218.jpg,-1,Female
150228.jpg,-1,Female
150267.jpg,-1,Female
150328.jpg,-1,Female
150353.jpg,1,Male
150366.jpg,-1,Female
150377.jpg,-1,Female
150507.jpg,-1,Female
150511.jpg,-1,Female
150512.jpg,1,Male
150519.jpg,-1,Female
150542.jpg,1,Male
150589.jpg,1,Male
150631.jpg,1,Male
150648.jpg,1,Male
150683.jpg,-1,Female
150688.jpg,-1,Female
150698.jpg,-1,Female
150699.jpg,-1,Female
150707.jpg,-1,Female
150717.jpg,1,Male
150741.jpg,-1,Female
150879.jpg,-1,Female
150908.jpg,-1,Female
150974.jpg,1,Male
150981.jpg,-1,Female
151053.jpg,-1,Female
151122.jpg,1,Male
151129.jpg,-1,Female
151152.jpg,1,Male
151212.jpg,1,Male
151243.jpg,-1,Female
151284.jpg,1,Male
151288.jpg,1,Male
151362.jpg,-1,Female
151367.jpg,-1,Female
151414.jpg,-1,Female
151442.jpg,-1,Female
151465.jpg,-1,Female
151504.jpg,-1,Female
151517.jpg,-1,Female
151526.jpg,1,Male
151546.jpg,1,Male
151547.jpg,1,Male
151620.jpg,1,Male
151641.jpg,-1,Female
151714.jpg,-1,Female
151724.jpg,-1,Female
151801.jpg,1,Male
151802.jpg,-1,Female
151846.jpg,-1,Female
151869.jpg,-1,Female
151945.jpg,-1,Female
152003.jpg,-1,Female
152004.jpg,-1,Female
152076.jpg,-1,Female
152080.jpg,1,Male
152177.jpg,-1,Female
152279.jpg,-1,Female
152439.jpg,1,Male
152460.jpg,-1,Female
152466.jpg,1,Male
152467.jpg,1,Male
152479.jpg,1,Male
152516.jpg,-1,Female
152566.jpg,1,Male
152577.jpg,1,Male
152658.jpg,1,Male
152677.jpg,1,Male
152685.jpg,-1,Female
152691.jpg,-1,Female
152692.jpg,1,Male
152701.jpg,-1,Female
152705.jpg,-1,Female
152728.jpg,-1,Female
152786.jpg,-1,Female
152825.jpg,1,Male
152900.jpg,-1,Female
152965.jpg,1,Male
152971.jpg,-1,Female
152987.jpg,-1,Female
153001.jpg,-1,Female
153014.jpg,1,Male
153060.jpg,1,Male
153153.jpg,1,Male
153178.jpg,-1,Female
153229.jpg,-1,Female
153278.jpg,-1,Female
153310.jpg,1,Male
153331.jpg,-1,Female
153377.jpg,1,Male
153401.jpg,1,Male
153453.jpg,1,Male
153461.jpg,-1,Female
153475.jpg,1,Male
153504.jpg,-1,Female
153522.jpg,1,Male
153607.jpg,-1,Female
153626.jpg,1,Male
153635.jpg,-1,Female
153691.jpg,1,Male
153759.jpg,1,Male
153777.jpg,1,Male
153808.jpg,-1,Female
153824.jpg,-1,Female
153844.jpg,-1,Female
153888.jpg,1,Male
153964.jpg,1,Male
153972.jpg,-1,Female
154027.jpg,-1,Female
154107.jpg,-1,Female
154110.jpg,1,Male
154128.jpg,1,Male
154239.jpg,-1,Female
154249.jpg,-1,Female
154278.jpg,-1,Female
154289.jpg,-1,Female
154295.jpg,1,Male
154299.jpg,-1,Female
154302.jpg,-1,Female
154318.jpg,1,Male
154394.jpg,-1,Female
154432.jpg,-1,Female
154445.jpg,1,Male
154465.jpg,-1,Female
154493.jpg,1,Male
154505.jpg,-1,Female
154515.jpg,-1,Female
154579.jpg,1,Male
154606.jpg,1,Male
154616.jpg,-1,Female
154671.jpg,-1,Female
154717.jpg,-1,Female
154805.jpg,-1,Female
154877.jpg,-1,Female
154888.jpg,-1,Female
154927.jpg,-1,Female
154982.jpg,1,Male
155025.jpg,1,Male
155030.jpg,1,Male
155033.jpg,-1,Female
155105.jpg,-1,Female
155107.jpg,1,Male
155130.jpg,-1,Female
155182.jpg,1,Male
155200.jpg,1,Male
155271.jpg,1,Male
155292.jpg,1,Male
155300.jpg,-1,Female
155345.jpg,-1,Female
155434.jpg,1,Male
155458.jpg,-1,Female
155616.jpg,1,Male
155620.jpg,-1,Female
155650.jpg,1,Male
155770.jpg,-1,Female
155810.jpg,-1,Female
155844.jpg,1,Male
155849.jpg,-1,Female
155920.jpg,-1,Female
155940.jpg,1,Male
156071.jpg,1,Male
156110.jpg,-1,Female
156141.jpg,1,Male
156168.jpg,-1,Female
156177.jpg,1,Male
156311.jpg,1,Male
156405.jpg,-1,Female
156408.jpg,-1,Female
156572.jpg,1,Male
156669.jpg,-1,Female
156685.jpg,-1,Female
156765.jpg,-1,Female
156884.jpg,-1,Female
156920.jpg,-1,Female
156955.jpg,1,Male
156997.jpg,1,Male
157063.jpg,-1,Female
157119.jpg,1,Male
157124.jpg,-1,Female
157137.jpg,-1,Female
157170.jpg,1,Male
157187.jpg,1,Male
157191.jpg,1,Male
157242.jpg,-1,Female
157253.jpg,-1,Female
157333.jpg,1,Male
157437.jpg,-1,Female
157629.jpg,-1,Female
157680.jpg,-1,Female
157683.jpg,-1,Female
157725.jpg,-1,Female
157753.jpg,1,Male
157762.jpg,-1,Female
157788.jpg,1,Male
157799.jpg,1,Male
157866.jpg,-1,Female
157875.jpg,1,Male
157895.jpg,-1,Female
157981.jpg,1,Male
157994.jpg,1,Male
158021.jpg,-1,Female
158162.jpg,-1,Female
158285.jpg,-1,Female
158334.jpg,1,Male
158335.jpg,-1,Female
158358.jpg,-1,Female
158373.jpg,1,Male
158402.jpg,-1,Female
158450.jpg,1,Male
158608.jpg,1,Male
158636.jpg,-1,Female
158638.jpg,1,Male
158677.jpg,-1,Female
158747.jpg,-1,Female
158756.jpg,1,Male
158922.jpg,-1,Female
158942.jpg,-1,Female
158984.jpg,-1,Female
159003.jpg,-1,Female
159081.jpg,-1,Female
159126.jpg,-1,Female
159152.jpg,-1,Female
159226.jpg,1,Male
159328.jpg,-1,Female
159412.jpg,-1,Female
159424.jpg,-1,Female
159444.jpg,-1,Female
159454.jpg,1,Male
159491.jpg,-1,Female
159493.jpg,1,Male
159543.jpg,-1,Female
159570.jpg,1,Male
159580.jpg,1,Male
159581.jpg,-1,Female
159589.jpg,1,Male
159609.jpg,1,Male
159627.jpg,1,Male
159883.jpg,1,Male
159904.jpg,-1,Female
159910.jpg,1,Male
159952.jpg,-1,Female
159970.jpg,-1,Female
159991.jpg,1,Male
159994.jpg,1,Male
160014.jpg,1,Male
160075.jpg,1,Male
160094.jpg,-1,Female
160168.jpg,-1,Female
160209.jpg,1,Male
160275.jpg,-1,Female
160302.jpg,1,Male
160322.jpg,1,Male
160351.jpg,-1,Female
160360.jpg,-1,Female
160575.jpg,1,Male
160576.jpg,-1,Female
160624.jpg,-1,Female
160663.jpg,1,Male
160701.jpg,-1,Female
160716.jpg,-1,Female
160764.jpg,-1,Female
160812.jpg,-1,Female
160959.jpg,-1,Female
160985.jpg,-1,Female
161263.jpg,1,Male
161265.jpg,-1,Female
161341.jpg,-1,Female
161393.jpg,-1,Female
161412.jpg,-1,Female
161417.jpg,1,Male
161450.jpg,-1,Female
161471.jpg,1,Male
161481.jpg,-1,Female
161490.jpg,-1,Female
161499.jpg,-1,Female
161518.jpg,1,Male
161590.jpg,-1,Female
161601.jpg,1,Male
161635.jpg,1,Male
161677.jpg,-1,Female
161746.jpg,-1,Female
161770.jpg,1,Male
161805.jpg,-1,Female
161847.jpg,-1,Female
161951.jpg,1,Male
162122.jpg,-1,Female
162189.jpg,-1,Female
162191.jpg,-1,Female
162243.jpg,-1,Female
162273.jpg,-1,Female
162274.jpg,1,Male
162315.jpg,1,Male
162341.jpg,-1,Female
162383.jpg,-1,Female
162396.jpg,1,Male
162413.jpg,-1,Female
162448.jpg,-1,Female
162465.jpg,-1,Female
162571.jpg,1,Male
162637.jpg,-1,Female
162722.jpg,-1,Female
162729.jpg,-1,Female
162773.jpg,-1,Female
162837.jpg,-1,Female
162858.jpg,-1,Female
162864.jpg,1,Male
162904.jpg,1,Male
162922.jpg,-1,Female
163060.jpg,1,Male
163120.jpg,-1,Female
163164.jpg,1,Male
163221.jpg,1,Male
163281.jpg,-1,Female
163288.jpg,-1,Female
163411.jpg,1,Male
163425.jpg,1,Male
163435.jpg,-1,Female
163496.jpg,-1,Female
163506.jpg,1,Male
163596.jpg,-1,Female
163609.jpg,-1,Female
163628.jpg,1,Male
163698.jpg,1,Male
163725.jpg,-1,Female
163742.jpg,1,Male
163751.jpg,-1,Female
163766.jpg,1,Male
163792.jpg,-1,Female
163917.jpg,-1,Female
163944.jpg,-1,Female
163947.jpg,1,Male
163955.jpg,-1,Female
163983.jpg,1,Male
163997.jpg,1,Male
164095.jpg,-1,Female
164208.jpg,1,Male
164266.jpg,1,Male
164299.jpg,-1,Female
164318.jpg,1,Male
164324.jpg,-1,Female
164361.jpg,-1,Female
164375.jpg,1,Male
164378.jpg,-1,Female
164384.jpg,-1,Female
164405.jpg,-1,Female
164417.jpg,-1,Female
164514.jpg,1,Male
164527.jpg,-1,Female
164590.jpg,-1,Female
164683.jpg,1,Male
164697.jpg,-1,Female
164726.jpg,-1,Female
164749.jpg,-1,Female
164884.jpg,-1,Female
164898.jpg,1,Male
164933.jpg,1,Male
164947.jpg,-1,Female
164953.jpg,1,Male
165009.jpg,1,Male
165022.jpg,1,Male
165154.jpg,1,Male
165155.jpg,-1,Female
165166.jpg,1,Male
165187.jpg,-1,Female
165210.jpg,-1,Female
165237.jpg,1,Male
165292.jpg,1,Male
165315.jpg,1,Male
165371.jpg,-1,Female
165406.jpg,-1,Female
165434.jpg,1,Male
165464.jpg,1,Male
165471.jpg,1,Male
165500.jpg,1,Male
165532.jpg,-1,Female
165540.jpg,1,Male
165541.jpg,1,Male
165586.jpg,-1,Female
165633.jpg,-1,Female
165764.jpg,-1,Female
165804.jpg,-1,Female
165808.jpg,1,Male
165811.jpg,-1,Female
165813.jpg,1,Male
165821.jpg,-1,Female
165837.jpg,1,Male
165880.jpg,-1,Female
165926.jpg,-1,Female
165928.jpg,-1,Female
166021.jpg,1,Male
166053.jpg,-1,Female
166076.jpg,-1,Female
166088.jpg,-1,Female
166103.jpg,-1,Female
166157.jpg,1,Male
166173.jpg,1,Male
166198.jpg,1,Male
166224.jpg,-1,Female
166264.jpg,-1,Female
166311.jpg,-1,Female
166316.jpg,-1,Female
166510.jpg,1,Male
166718.jpg,-1,Female
166735.jpg,-1,Female
166736.jpg,-1,Female
166900.jpg,-1,Female
166912.jpg,-1,Female
166955.jpg,1,Male
166991.jpg,1,Male
167097.jpg,-1,Female
167111.jpg,-1,Female
167195.jpg,1,Male
167217.jpg,-1,Female
167265.jpg,-1,Female
167312.jpg,1,Male
167323.jpg,-1,Female
167437.jpg,1,Male
167491.jpg,-1,Female
167509.jpg,-1,Female
167570.jpg,-1,Female
167592.jpg,-1,Female
167617.jpg,-1,Female
167650.jpg,-1,Female
167674.jpg,1,Male
167728.jpg,-1,Female
167791.jpg,1,Male
167799.jpg,-1,Female
167825.jpg,1,Male
167921.jpg,1,Male
167937.jpg,1,Male
168042.jpg,-1,Female
168112.jpg,1,Male
168180.jpg,-1,Female
168221.jpg,-1,Female
168318.jpg,-1,Female
168354.jpg,-1,Female
168355.jpg,1,Male
168361.jpg,1,Male
168528.jpg,-1,Female
168599.jpg,1,Male
168646.jpg,1,Male
168654.jpg,-1,Female
168765.jpg,-1,Female
168772.jpg,1,Male
168952.jpg,-1,Female
168979.jpg,-1,Female
169018.jpg,-1,Female
169089.jpg,-1,Female
169115.jpg,1,Male
169130.jpg,-1,Female
169139.jpg,-1,Female
169152.jpg,-1,Female
169185.jpg,1,Male
169268.jpg,-1,Female
169278.jpg,-1,Female
169295.jpg,-1,Female
169330.jpg,-1,Female
169415.jpg,-1,Female
169476.jpg,-1,Female
169511.jpg,-1,Female
169519.jpg,-1,Female
169521.jpg,1,Male
169623.jpg,1,Male
169690.jpg,1,Male
169696.jpg,-1,Female
169876.jpg,-1,Female
169913.jpg,-1,Female
169973.jpg,1,Male
169986.jpg,-1,Female
170081.jpg,-1,Female
170102.jpg,-1,Female
170130.jpg,-1,Female
170207.jpg,-1,Female
170253.jpg,1,Male
170283.jpg,-1,Female
170319.jpg,-1,Female
170334.jpg,1,Male
170401.jpg,-1,Female
170432.jpg,1,Male
170540.jpg,1,Male
170624.jpg,-1,Female
170664.jpg,-1,Female
170665.jpg,-1,Female
170667.jpg,1,Male
170685.jpg,-1,Female
170727.jpg,-1,Female
170767.jpg,-1,Female
170789.jpg,1,Male
170807.jpg,-1,Female
170816.jpg,-1,Female
170818.jpg,1,Male
170853.jpg,1,Male
170856.jpg,-1,Female
170869.jpg,-1,Female
170973.jpg,1,Male
170988.jpg,-1,Female
171041.jpg,1,Male
171056.jpg,-1,Female
171087.jpg,-1,Female
171108.jpg,-1,Female
171110.jpg,-1,Female
171167.jpg,1,Male
171228.jpg,1,Male
171229.jpg,-1,Female
171232.jpg,1,Male
171265.jpg,1,Male
171287.jpg,-1,Female
171300.jpg,-1,Female
171473.jpg,-1,Female
171498.jpg,1,Male
171521.jpg,1,Male
171522.jpg,1,Male
171594.jpg,1,Male
171790.jpg,1,Male
171807.jpg,1,Male
171819.jpg,-1,Female
171848.jpg,1,Male
171987.jpg,-1,Female
172024.jpg,1,Male
172061.jpg,1,Male
172092.jpg,-1,Female
172098.jpg,1,Male
172158.jpg,-1,Female
172198.jpg,-1,Female
172210.jpg,-1,Female
172274.jpg,-1,Female
172334.jpg,-1,Female
172394.jpg,-1,Female
172481.jpg,1,Male
172555.jpg,-1,Female
172622.jpg,-1,Female
172638.jpg,-1,Female
172640.jpg,-1,Female
172716.jpg,1,Male
172735.jpg,-1,Female
172776.jpg,1,Male
172795.jpg,1,Male
172924.jpg,-1,Female
172965.jpg,-1,Female
172996.jpg,-1,Female
173065.jpg,-1,Female
173106.jpg,-1,Female
173174.jpg,-1,Female
173183.jpg,-1,Female
173201.jpg,1,Male
173205.jpg,1,Male
173215.jpg,1,Male
173249.jpg,1,Male
173279.jpg,1,Male
173287.jpg,1,Male
173290.jpg,-1,Female
173295.jpg,-1,Female
173321.jpg,1,Male
173340.jpg,1,Male
173377.jpg,1,Male
173404.jpg,1,Male
173412.jpg,-1,Female
173426.jpg,1,Male
173439.jpg,-1,Female
173448.jpg,-1,Female
173453.jpg,1,Male
173498.jpg,-1,Female
173544.jpg,-1,Female
173582.jpg,-1,Female
173588.jpg,-1,Female
173619.jpg,1,Male
173653.jpg,1,Male
173660.jpg,1,Male
173678.jpg,-1,Female
173754.jpg,-1,Female
173789.jpg,1,Male
173814.jpg,-1,Female
173957.jpg,-1,Female
173962.jpg,-1,Female
174054.jpg,-1,Female
174236.jpg,1,Male
174284.jpg,-1,Female
174300.jpg,1,Male
174330.jpg,1,Male
174354.jpg,1,Male
174442.jpg,1,Male
174512.jpg,-1,Female
174526.jpg,1,Male
174542.jpg,1,Male
174608.jpg,-1,Female
174628.jpg,-1,Female
174659.jpg,-1,Female
174684.jpg,-1,Female
174723.jpg,-1,Female
174790.jpg,1,Male
174797.jpg,-1,Female
174813.jpg,1,Male
174831.jpg,1,Male
174832.jpg,1,Male
174909.jpg,1,Male
174927.jpg,-1,Female
174942.jpg,-1,Female
174943.jpg,-1,Female
175092.jpg,1,Male
175169.jpg,1,Male
175241.jpg,-1,Female
175248.jpg,1,Male
175262.jpg,1,Male
175298.jpg,1,Male
175301.jpg,-1,Female
175358.jpg,1,Male
175370.jpg,-1,Female
175399.jpg,-1,Female
175500.jpg,-1,Female
175518.jpg,1,Male
175533.jpg,-1,Female
175537.jpg,-1,Female
175588.jpg,-1,Female
175645.jpg,-1,Female
175648.jpg,-1,Female
175704.jpg,-1,Female
175711.jpg,-1,Female
175714.jpg,-1,Female
175732.jpg,1,Male
175736.jpg,-1,Female
175789.jpg,1,Male
175867.jpg,1,Male
175902.jpg,1,Male
175928.jpg,-1,Female
175978.jpg,1,Male
176052.jpg,-1,Female
176080.jpg,-1,Female
176130.jpg,-1,Female
176147.jpg,1,Male
176201.jpg,-1,Female
176230.jpg,1,Male
176312.jpg,-1,Female
176477.jpg,1,Male
176484.jpg,1,Male
176522.jpg,1,Male
176531.jpg,1,Male
176547.jpg,-1,Female
176614.jpg,-1,Female
176620.jpg,1,Male
176659.jpg,-1,Female
176670.jpg,-1,Female
176683.jpg,1,Male
176695.jpg,-1,Female
176707.jpg,-1,Female
176728.jpg,-1,Female
176750.jpg,1,Male
176759.jpg,1,Male
176803.jpg,-1,Female
176870.jpg,-1,Female
176915.jpg,1,Male
176926.jpg,1,Male
176960.jpg,1,Male
176970.jpg,-1,Female
177018.jpg,-1,Female
177019.jpg,1,Male
177061.jpg,-1,Female
177128.jpg,-1,Female
177248.jpg,-1,Female
177301.jpg,-1,Female
177304.jpg,-1,Female
177325.jpg,-1,Female
177346.jpg,1,Male
177395.jpg,-1,Female
177420.jpg,-1,Female
177434.jpg,-1,Female
177440.jpg,-1,Female
177561.jpg,-1,Female
177575.jpg,1,Male
177613.jpg,1,Male
177724.jpg,-1,Female
177805.jpg,1,Male
177813.jpg,-1,Female
177828.jpg,-1,Female
177977.jpg,1,Male
178033.jpg,-1,Female
178038.jpg,1,Male
178051.jpg,1,Male
178055.jpg,1,Male
178115.jpg,-1,Female
178143.jpg,1,Male
178224.jpg,1,Male
178278.jpg,1,Male
178308.jpg,-1,Female
178382.jpg,1,Male
178512.jpg,-1,Female
178539.jpg,1,Male
178556.jpg,-1,Female
178562.jpg,-1,Female
178614.jpg,-1,Female
178695.jpg,-1,Female
178736.jpg,-1,Female
178780.jpg,1,Male
178873.jpg,1,Male
178877.jpg,-1,Female
178896.jpg,-1,Female
178943.jpg,-1,Female
178988.jpg,-1,Female
179121.jpg,-1,Female
179196.jpg,-1,Female
179226.jpg,1,Male
179270.jpg,1,Male
179288.jpg,1,Male
179296.jpg,-1,Female
179307.jpg,-1,Female
179336.jpg,-1,Female
179377.jpg,1,Male
179410.jpg,1,Male
179473.jpg,-1,Female
179475.jpg,-1,Female
179507.jpg,1,Male
179566.jpg,-1,Female
179568.jpg,-1,Female
179597.jpg,1,Male
179662.jpg,-1,Female
179723.jpg,1,Male
179725.jpg,-1,Female
179727.jpg,1,Male
179796.jpg,-1,Female
179845.jpg,-1,Female
179893.jpg,-1,Female
179923.jpg,-1,Female
179926.jpg,1,Male
179927.jpg,-1,Female
179991.jpg,1,Male
180021.jpg,-1,Female
180037.jpg,-1,Female
180077.jpg,1,Male
180127.jpg,-1,Female
180139.jpg,1,Male
180217.jpg,-1,Female
180273.jpg,-1,Female
180418.jpg,-1,Female
180438.jpg,-1,Female
180458.jpg,1,Male
180485.jpg,-1,Female
180512.jpg,-1,Female
180583.jpg,1,Male
180586.jpg,-1,Female
180630.jpg,1,Male
180637.jpg,-1,Female
180679.jpg,1,Male
180686.jpg,1,Male
180761.jpg,-1,Female
180800.jpg,1,Male
180847.jpg,-1,Female
180921.jpg,-1,Female
180986.jpg,1,Male
181003.jpg,1,Male
181026.jpg,-1,Female
181056.jpg,1,Male
181112.jpg,-1,Female
181140.jpg,1,Male
181167.jpg,-1,Female
181238.jpg,1,Male
181279.jpg,1,Male
181288.jpg,-1,Female
181289.jpg,1,Male
181458.jpg,-1,Female
181505.jpg,1,Male
181567.jpg,1,Male
181622.jpg,1,Male
181631.jpg,-1,Female
181647.jpg,-1,Female
181682.jpg,-1,Female
181717.jpg,-1,Female
181758.jpg,-1,Female
181811.jpg,-1,Female
181839.jpg,1,Male
181842.jpg,-1,Female
181894.jpg,-1,Female
181969.jpg,1,Male
181999.jpg,-1,Female
182007.jpg,1,Male
182046.jpg,-1,Female
182280.jpg,-1,Female
182289.jpg,-1,Female
182290.jpg,-1,Female
182294.jpg,-1,Female
182339.jpg,-1,Female
182471.jpg,1,Male
182601.jpg,1,Male
182616.jpg,1,Male
182644.jpg,1,Male
182707.jpg,-1,Female
182717.jpg,1,Male
182720.jpg,1,Male
182775.jpg,1,Male
182781.jpg,1,Male
182793.jpg,1,Male
182809.jpg,-1,Female
182912.jpg,-1,Female
182943.jpg,-1,Female
183005.jpg,-1,Female
183018.jpg,-1,Female
183050.jpg,-1,Female
183111.jpg,-1,Female
183121.jpg,1,Male
183145.jpg,1,Male
183170.jpg,-1,Female
183172.jpg,1,Male
183216.jpg,-1,Female
183217.jpg,-1,Female
183280.jpg,1,Male
183292.jpg,-1,Female
183457.jpg,-1,Female
183495.jpg,-1,Female
183500.jpg,-1,Female
183515.jpg,-1,Female
183536.jpg,1,Male
183629.jpg,-1,Female
183727.jpg,1,Male
183731.jpg,1,Male
183738.jpg,-1,Female
183786.jpg,-1,Female
183790.jpg,-1,Female
183816.jpg,1,Male
183846.jpg,1,Male
183855.jpg,1,Male
183923.jpg,1,Male
183924.jpg,1,Male
183966.jpg,1,Male
184019.jpg,-1,Female
184032.jpg,1,Male
184074.jpg,-1,Female
184090.jpg,1,Male
184096.jpg,1,Male
184097.jpg,-1,Female
184197.jpg,1,Male
184203.jpg,-1,Female
184206.jpg,1,Male
184300.jpg,-1,Female
184320.jpg,-1,Female
184326.jpg,-1,Female
184375.jpg,1,Male
184460.jpg,-1,Female
184566.jpg,-1,Female
184719.jpg,-1,Female
184815.jpg,-1,Female
184853.jpg,-1,Female
184867.jpg,-1,Female
184896.jpg,-1,Female
184957.jpg,-1,Female
184985.jpg,-1,Female
185029.jpg,1,Male
185062.jpg,-1,Female
185074.jpg,-1,Female
185127.jpg,-1,Female
185143.jpg,-1,Female
185206.jpg,-1,Female
185209.jpg,-1,Female
185221.jpg,-1,Female
185249.jpg,-1,Female
185313.jpg,1,Male
185316.jpg,-1,Female
185326.jpg,-1,Female
185366.jpg,1,Male
185381.jpg,-1,Female
185401.jpg,-1,Female
185432.jpg,1,Male
185457.jpg,1,Male
185500.jpg,-1,Female
185526.jpg,-1,Female
185530.jpg,-1,Female
185568.jpg,-1,Female
185577.jpg,-1,Female
185648.jpg,-1,Female
185670.jpg,-1,Female
185754.jpg,1,Male
185760.jpg,-1,Female
185763.jpg,-1,Female
185807.jpg,-1,Female
185820.jpg,-1,Female
185887.jpg,1,Male
185891.jpg,-1,Female
185963.jpg,-1,Female
185983.jpg,1,Male
186046.jpg,-1,Female
186047.jpg,1,Male
186088.jpg,-1,Female
186129.jpg,-1,Female
186180.jpg,1,Male
186226.jpg,-1,Female
186239.jpg,-1,Female
186245.jpg,-1,Female
186298.jpg,1,Male
186305.jpg,-1,Female
186320.jpg,-1,Female
186392.jpg,-1,Female
186394.jpg,-1,Female
186494.jpg,-1,Female
186548.jpg,-1,Female
186596.jpg,1,Male
186619.jpg,1,Male
186703.jpg,-1,Female
186782.jpg,-1,Female
186846.jpg,-1,Female
186870.jpg,-1,Female
186907.jpg,-1,Female
186924.jpg,-1,Female
186989.jpg,1,Male
187176.jpg,-1,Female
187206.jpg,-1,Female
187232.jpg,1,Male
187233.jpg,1,Male
187288.jpg,-1,Female
187343.jpg,1,Male
187350.jpg,1,Male
187403.jpg,-1,Female
187441.jpg,-1,Female
187467.jpg,-1,Female
187613.jpg,1,Male
187625.jpg,-1,Female
187666.jpg,-1,Female
187727.jpg,1,Male
187802.jpg,-1,Female
187874.jpg,1,Male
187928.jpg,-1,Female
187995.jpg,1,Male
188010.jpg,-1,Female
188050.jpg,-1,Female
188059.jpg,1,Male
188063.jpg,1,Male
188105.jpg,1,Male
188106.jpg,-1,Female
188125.jpg,1,Male
188149.jpg,-1,Female
188198.jpg,-1,Female
188225.jpg,1,Male
188299.jpg,1,Male
188356.jpg,-1,Female
188451.jpg,-1,Female
188454.jpg,1,Male
188508.jpg,1,Male
188530.jpg,-1,Female
188581.jpg,1,Male
188672.jpg,1,Male
188720.jpg,-1,Female
188793.jpg,-1,Female
188800.jpg,-1,Female
188817.jpg,-1,Female
188828.jpg,1,Male
188848.jpg,1,Male
188875.jpg,-1,Female
188936.jpg,-1,Female
189029.jpg,1,Male
189037.jpg,1,Male
189056.jpg,-1,Female
189077.jpg,-1,Female
189124.jpg,-1,Female
189132.jpg,-1,Female
189297.jpg,-1,Female
189324.jpg,1,Male
189490.jpg,-1,Female
189512.jpg,-1,Female
189513.jpg,1,Male
189581.jpg,1,Male
189651.jpg,1,Male
189730.jpg,-1,Female
189934.jpg,1,Male
189938.jpg,1,Male
189971.jpg,-1,Female
190004.jpg,-1,Female
190027.jpg,1,Male
190028.jpg,-1,Female
190035.jpg,1,Male
190049.jpg,-1,Female
190097.jpg,-1,Female
190131.jpg,-1,Female
190167.jpg,-1,Female
190204.jpg,1,Male
190221.jpg,-1,Female
190231.jpg,-1,Female
190249.jpg,1,Male
190255.jpg,1,Male
190304.jpg,-1,Female
190388.jpg,-1,Female
190396.jpg,-1,Female
190399.jpg,-1,Female
190400.jpg,1,Male
190411.jpg,1,Male
190444.jpg,1,Male
190631.jpg,1,Male
190641.jpg,-1,Female
190649.jpg,1,Male
190666.jpg,-1,Female
190810.jpg,-1,Female
190832.jpg,1,Male
190944.jpg,1,Male
190955.jpg,-1,Female
191121.jpg,1,Male
191125.jpg,1,Male
191136.jpg,-1,Female
191276.jpg,-1,Female
191283.jpg,1,Male
191331.jpg,-1,Female
191417.jpg,1,Male
191444.jpg,1,Male
191451.jpg,-1,Female
191453.jpg,1,Male
191536.jpg,1,Male
191542.jpg,1,Male
191656.jpg,-1,Female
191670.jpg,1,Male
191712.jpg,-1,Female
191756.jpg,1,Male
191789.jpg,1,Male
191805.jpg,-1,Female
191806.jpg,-1,Female
191808.jpg,-1,Female
191814.jpg,-1,Female
191852.jpg,-1,Female
191870.jpg,1,Male
191900.jpg,-1,Female
191917.jpg,1,Male
192089.jpg,1,Male
192126.jpg,1,Male
192167.jpg,-1,Female
192204.jpg,-1,Female
192249.jpg,-1,Female
192272.jpg,-1,Female
192302.jpg,1,Male
192311.jpg,-1,Female
192330.jpg,-1,Female
192347.jpg,-1,Female
192350.jpg,-1,Female
192358.jpg,-1,Female
192475.jpg,1,Male
192496.jpg,1,Male
192531.jpg,1,Male
192544.jpg,-1,Female
192648.jpg,-1,Female
192649.jpg,-1,Female
192699.jpg,1,Male
192734.jpg,-1,Female
192845.jpg,1,Male
192873.jpg,-1,Female
192893.jpg,-1,Female
192968.jpg,-1,Female
192978.jpg,-1,Female
193008.jpg,1,Male
193098.jpg,-1,Female
193107.jpg,1,Male
193132.jpg,1,Male
193146.jpg,-1,Female
193277.jpg,1,Male
193327.jpg,-1,Female
193340.jpg,1,Male
193343.jpg,-1,Female
193360.jpg,-1,Female
193367.jpg,-1,Female
193458.jpg,-1,Female
193541.jpg,-1,Female
193560.jpg,-1,Female
193643.jpg,1,Male
193685.jpg,-1,Female
193726.jpg,-1,Female
193808.jpg,-1,Female
193833.jpg,1,Male
193894.jpg,-1,Female
193930.jpg,-1,Female
193974.jpg,-1,Female
193989.jpg,1,Male
194021.jpg,-1,Female
194029.jpg,1,Male
194047.jpg,-1,Female
194166.jpg,1,Male
194199.jpg,-1,Female
194215.jpg,-1,Female
194261.jpg,-1,Female
194266.jpg,1,Male
194271.jpg,-1,Female
194299.jpg,-1,Female
194312.jpg,1,Male
194369.jpg,-1,Female
194438.jpg,-1,Female
194451.jpg,-1,Female
194475.jpg,-1,Female
194587.jpg,-1,Female
194610.jpg,1,Male
194650.jpg,-1,Female
194662.jpg,1,Male
194677.jpg,1,Male
194720.jpg,1,Male
194803.jpg,-1,Female
194834.jpg,1,Male
194863.jpg,1,Male
194890.jpg,-1,Female
194894.jpg,-1,Female
194929.jpg,-1,Female
194979.jpg,1,Male
195019.jpg,-1,Female
195084.jpg,1,Male
195102.jpg,1,Male
195139.jpg,1,Male
195141.jpg,-1,Female
195178.jpg,-1,Female
195296.jpg,-1,Female
195332.jpg,1,Male
195337.jpg,-1,Female
195346.jpg,-1,Female
195349.jpg,-1,Female
195382.jpg,-1,Female
195404.jpg,1,Male
195513.jpg,1,Male
195518.jpg,1,Male
195649.jpg,-1,Female
195677.jpg,-1,Female
195720.jpg,-1,Female
195735.jpg,-1,Female
195763.jpg,1,Male
195769.jpg,1,Male
195824.jpg,-1,Female
195835.jpg,-1,Female
195857.jpg,-1,Female
195892.jpg,-1,Female
195960.jpg,-1,Female
196010.jpg,1,Male
196018.jpg,1,Male
196023.jpg,1,Male
196044.jpg,-1,Female
196048.jpg,-1,Female
196062.jpg,-1,Female
196070.jpg,-1,Female
196073.jpg,1,Male
196188.jpg,-1,Female
196207.jpg,-1,Female
196213.jpg,-1,Female
196243.jpg,1,Male
196272.jpg,1,Male
196292.jpg,-1,Female
196314.jpg,-1,Female
196315.jpg,-1,Female
196405.jpg,1,Male
196423.jpg,-1,Female
196432.jpg,-1,Female
196440.jpg,-1,Female
196596.jpg,-1,Female
196606.jpg,-1,Female
196608.jpg,1,Male
196627.jpg,1,Male
196661.jpg,1,Male
196846.jpg,-1,Female
196873.jpg,-1,Female
196888.jpg,1,Male
196937.jpg,1,Male
196974.jpg,-1,Female
197021.jpg,-1,Female
197085.jpg,-1,Female
197113.jpg,1,Male
197154.jpg,-1,Female
197219.jpg,1,Male
197271.jpg,1,Male
197277.jpg,1,Male
197293.jpg,-1,Female
197372.jpg,-1,Female
197442.jpg,-1,Female
197455.jpg,-1,Female
197502.jpg,-1,Female
197519.jpg,1,Male
197528.jpg,-1,Female
197544.jpg,1,Male
197553.jpg,-1,Female
197635.jpg,-1,Female
197718.jpg,-1,Female
197751.jpg,-1,Female
197811.jpg,-1,Female
197858.jpg,-1,Female
197929.jpg,1,Male
197939.jpg,-1,Female
197998.jpg,-1,Female
198029.jpg,-1,Female
198095.jpg,-1,Female
198211.jpg,-1,Female
198322.jpg,-1,Female
198323.jpg,-1,Female
198403.jpg,-1,Female
198519.jpg,-1,Female
198608.jpg,-1,Female
198616.jpg,1,Male
198621.jpg,-1,Female
198641.jpg,-1,Female
198647.jpg,-1,Female
198682.jpg,1,Male
198698.jpg,1,Male
198770.jpg,-1,Female
198832.jpg,-1,Female
198849.jpg,-1,Female
198880.jpg,1,Male
198884.jpg,1,Male
198910.jpg,1,Male
198957.jpg,-1,Female
199004.jpg,-1,Female
199026.jpg,-1,Female
199077.jpg,1,Male
199087.jpg,1,Male
199090.jpg,-1,Female
199142.jpg,-1,Female
199254.jpg,-1,Female
199303.jpg,1,Male
199339.jpg,1,Male
199352.jpg,-1,Female
199388.jpg,1,Male
199409.jpg,-1,Female
199412.jpg,-1,Female
199464.jpg,1,Male
199600.jpg,-1,Female
199628.jpg,-1,Female
199636.jpg,1,Male
199718.jpg,1,Male
199735.jpg,-1,Female
199833.jpg,-1,Female
199869.jpg,-1,Female
199884.jpg,-1,Female
199946.jpg,-1,Female
199975.jpg,1,Male
199989.jpg,1,Male
199994.jpg,-1,Female
200133.jpg,-1,Female
200160.jpg,-1,Female
200167.jpg,-1,Female
200170.jpg,-1,Female
200251.jpg,-1,Female
200375.jpg,-1,Female
200376.jpg,-1,Female
200419.jpg,-1,Female
200585.jpg,1,Male
200668.jpg,-1,Female
200687.jpg,1,Male
200703.jpg,-1,Female
200725.jpg,-1,Female
200803.jpg,1,Male
200812.jpg,-1,Female
200908.jpg,-1,Female
200934.jpg,1,Male
200955.jpg,1,Male
200979.jpg,-1,Female
201002.jpg,-1,Female
201018.jpg,-1,Female
201052.jpg,-1,Female
201067.jpg,-1,Female
201072.jpg,-1,Female
201135.jpg,1,Male
201160.jpg,-1,Female
201172.jpg,-1,Female
201233.jpg,-1,Female
201245.jpg,-1,Female
201253.jpg,-1,Female
201307.jpg,-1,Female
201325.jpg,-1,Female
201327.jpg,-1,Female
201336.jpg,-1,Female
201392.jpg,1,Male
201431.jpg,1,Male
201479.jpg,-1,Female
201541.jpg,-1,Female
201547.jpg,-1,Female
201604.jpg,1,Male
201632.jpg,-1,Female
201729.jpg,-1,Female
201735.jpg,-1,Female
201758.jpg,-1,Female
201816.jpg,-1,Female
201861.jpg,-1,Female
201865.jpg,-1,Female
201867.jpg,-1,Female
201885.jpg,-1,Female
201915.jpg,-1,Female
201956.jpg,1,Male
201989.jpg,-1,Female
202045.jpg,-1,Female
202200.jpg,-1,Female
202253.jpg,-1,Female
202276.jpg,1,Male
202320.jpg,-1,Female
202340.jpg,-1,Female
202347.jpg,-1,Female
202357.jpg,-1,Female
202566.jpg,1,Male
